[{"bonus":4175000,"deferral_payments":2869717.0,"deferred_income":-3081055.0,"director_fees":null,"email_address":"phillip.allen@enron.com","exercised_stock_options":1729541.0,"expenses":13868,"from_messages":2195,"from_poi_to_this_person":47,"from_this_person_to_poi":65,"loan_advances":null,"long_term_incentive":304805.0,"other":152,"poi":false,"restricted_stock":126027,"restricted_stock_deferred":-126027.0,"salary":201955,"shared_receipt_with_poi":1407,"to_messages":2902,"total_payments":4484442,"total_stock_value":1729541,"name":"ALLEN PHILLIP K"},{"bonus":"NaN","deferral_payments":178980.0,"deferred_income":null,"director_fees":null,"email_address":"NaN","exercised_stock_options":257817.0,"expenses":3486,"from_messages":"NaN","from_poi_to_this_person":"NaN","from_this_person_to_poi":"NaN","loan_advances":null,"long_term_incentive":null,"other":"NaN","poi":false,"restricted_stock":"NaN","restricted_stock_deferred":null,"salary":"NaN","shared_receipt_with_poi":"NaN","to_messages":"NaN","total_payments":182466,"total_stock_value":257817,"name":"BADUM JAMES P"},{"bonus":"NaN","deferral_payments":null,"deferred_income":-5104.0,"director_fees":null,"email_address":"james.bannantine@enron.com","exercised_stock_options":4046157.0,"expenses":56301,"from_messages":29,"from_poi_to_this_person":39,"from_this_person_to_poi":0,"loan_advances":null,"long_term_incentive":null,"other":864523,"poi":false,"restricted_stock":1757552,"restricted_stock_deferred":-560222.0,"salary":477,"shared_receipt_with_poi":465,"to_messages":566,"total_payments":916197,"total_stock_value":5243487,"name":"BANNANTINE JAMES M"},{"bonus":1200000,"deferral_payments":1295738.0,"deferred_income":-1386055.0,"director_fees":null,"email_address":"NaN","exercised_stock_options":6680544.0,"expenses":11200,"from_messages":"NaN","from_poi_to_this_person":"NaN","from_this_person_to_poi":"NaN","loan_advances":null,"long_term_incentive":1586055.0,"other":2660303,"poi":false,"restricted_stock":3942714,"restricted_stock_deferred":null,"salary":267102,"shared_receipt_with_poi":"NaN","to_messages":"NaN","total_payments":5634343,"total_stock_value":10623258,"name":"BAXTER JOHN C"},{"bonus":400000,"deferral_payments":260455.0,"deferred_income":-201641.0,"director_fees":null,"email_address":"frank.bay@enron.com","exercised_stock_options":null,"expenses":129142,"from_messages":"NaN","from_poi_to_this_person":"NaN","from_this_person_to_poi":"NaN","loan_advances":null,"long_term_incentive":null,"other":69,"poi":false,"restricted_stock":145796,"restricted_stock_deferred":-82782.0,"salary":239671,"shared_receipt_with_poi":"NaN","to_messages":"NaN","total_payments":827696,"total_stock_value":63014,"name":"BAY FRANKLIN R"},{"bonus":"NaN","deferral_payments":684694.0,"deferred_income":null,"director_fees":null,"email_address":"NaN","exercised_stock_options":1599641.0,"expenses":"NaN","from_messages":"NaN","from_poi_to_this_person":"NaN","from_this_person_to_poi":"NaN","loan_advances":null,"long_term_incentive":93750.0,"other":874,"poi":false,"restricted_stock":"NaN","restricted_stock_deferred":null,"salary":80818,"shared_receipt_with_poi":"NaN","to_messages":"NaN","total_payments":860136,"total_stock_value":1599641,"name":"BAZELIDES PHILIP J"},{"bonus":700000,"deferral_payments":null,"deferred_income":null,"director_fees":null,"email_address":"sally.beck@enron.com","exercised_stock_options":null,"expenses":37172,"from_messages":4343,"from_poi_to_this_person":144,"from_this_person_to_poi":386,"loan_advances":null,"long_term_incentive":null,"other":566,"poi":false,"restricted_stock":126027,"restricted_stock_deferred":null,"salary":231330,"shared_receipt_with_poi":2639,"to_messages":7315,"total_payments":969068,"total_stock_value":126027,"name":"BECK SALLY W"},{"bonus":5249999,"deferral_payments":2144013.0,"deferred_income":-2334434.0,"director_fees":null,"email_address":"tim.belden@enron.com","exercised_stock_options":953136.0,"expenses":17355,"from_messages":484,"from_poi_to_this_person":228,"from_this_person_to_poi":108,"loan_advances":null,"long_term_incentive":null,"other":210698,"poi":true,"restricted_stock":157569,"restricted_stock_deferred":null,"salary":213999,"shared_receipt_with_poi":5521,"to_messages":7991,"total_payments":5501630,"total_stock_value":1110705,"name":"BELDEN TIMOTHY N"},{"bonus":"NaN","deferral_payments":-102500.0,"deferred_income":null,"director_fees":3285.0,"email_address":"NaN","exercised_stock_options":3285.0,"expenses":"NaN","from_messages":"NaN","from_poi_to_this_person":"NaN","from_this_person_to_poi":"NaN","loan_advances":null,"long_term_incentive":null,"other":"NaN","poi":false,"restricted_stock":"NaN","restricted_stock_deferred":44093.0,"salary":"NaN","shared_receipt_with_poi":"NaN","to_messages":"NaN","total_payments":102500,"total_stock_value":-44093,"name":"BELFER ROBERT"},{"bonus":"NaN","deferral_payments":null,"deferred_income":null,"director_fees":null,"email_address":"david.berberian@enron.com","exercised_stock_options":1624396.0,"expenses":11892,"from_messages":"NaN","from_poi_to_this_person":"NaN","from_this_person_to_poi":"NaN","loan_advances":null,"long_term_incentive":null,"other":"NaN","poi":false,"restricted_stock":869220,"restricted_stock_deferred":null,"salary":216582,"shared_receipt_with_poi":"NaN","to_messages":"NaN","total_payments":228474,"total_stock_value":2493616,"name":"BERBERIAN DAVID"},{"bonus":250000,"deferral_payments":null,"deferred_income":-485813.0,"director_fees":null,"email_address":"rick.bergsieker@enron.com","exercised_stock_options":null,"expenses":59175,"from_messages":59,"from_poi_to_this_person":4,"from_this_person_to_poi":0,"loan_advances":null,"long_term_incentive":180250.0,"other":427316,"poi":false,"restricted_stock":659249,"restricted_stock_deferred":null,"salary":187922,"shared_receipt_with_poi":233,"to_messages":383,"total_payments":618850,"total_stock_value":659249,"name":"BERGSIEKER RICHARD P"},{"bonus":"NaN","deferral_payments":null,"deferred_income":null,"director_fees":137864.0,"email_address":"sanjay.bhatnagar@enron.com","exercised_stock_options":2604490.0,"expenses":"NaN","from_messages":29,"from_poi_to_this_person":0,"from_this_person_to_poi":1,"loan_advances":null,"long_term_incentive":null,"other":137864,"poi":false,"restricted_stock":-2604490,"restricted_stock_deferred":15456290.0,"salary":"NaN","shared_receipt_with_poi":463,"to_messages":523,"total_payments":15456290,"total_stock_value":"NaN","name":"BHATNAGAR SANJAY"},{"bonus":1000000,"deferral_payments":null,"deferred_income":null,"director_fees":null,"email_address":"philippe.bibi@enron.com","exercised_stock_options":1465734.0,"expenses":38559,"from_messages":40,"from_poi_to_this_person":23,"from_this_person_to_poi":8,"loan_advances":null,"long_term_incentive":369721.0,"other":425688,"poi":false,"restricted_stock":378082,"restricted_stock_deferred":null,"salary":213625,"shared_receipt_with_poi":1336,"to_messages":1607,"total_payments":2047593,"total_stock_value":1843816,"name":"BIBI PHILIPPE A"},{"bonus":850000,"deferral_payments":null,"deferred_income":null,"director_fees":null,"email_address":"jeremy.blachman@enron.com","exercised_stock_options":765313.0,"expenses":84208,"from_messages":14,"from_poi_to_this_person":25,"from_this_person_to_poi":2,"loan_advances":null,"long_term_incentive":831809.0,"other":272,"poi":false,"restricted_stock":189041,"restricted_stock_deferred":null,"salary":248546,"shared_receipt_with_poi":2326,"to_messages":2475,"total_payments":2014835,"total_stock_value":954354,"name":"BLACHMAN JEREMY M"},{"bonus":"NaN","deferral_payments":null,"deferred_income":-113784.0,"director_fees":113784.0,"email_address":"NaN","exercised_stock_options":null,"expenses":1279,"from_messages":"NaN","from_poi_to_this_person":"NaN","from_this_person_to_poi":"NaN","loan_advances":null,"long_term_incentive":null,"other":"NaN","poi":false,"restricted_stock":"NaN","restricted_stock_deferred":null,"salary":"NaN","shared_receipt_with_poi":"NaN","to_messages":"NaN","total_payments":1279,"total_stock_value":"NaN","name":"BLAKE JR. NORMAN P"},{"bonus":1350000,"deferral_payments":null,"deferred_income":-833.0,"director_fees":null,"email_address":"raymond.bowen@enron.com","exercised_stock_options":null,"expenses":65907,"from_messages":27,"from_poi_to_this_person":140,"from_this_person_to_poi":15,"loan_advances":null,"long_term_incentive":974293.0,"other":1621,"poi":true,"restricted_stock":252055,"restricted_stock_deferred":null,"salary":278601,"shared_receipt_with_poi":1593,"to_messages":1858,"total_payments":2669589,"total_stock_value":252055,"name":"BOWEN JR RAYMOND M"},{"bonus":"NaN","deferral_payments":null,"deferred_income":null,"director_fees":null,"email_address":"michael.brown@enron.com","exercised_stock_options":null,"expenses":49288,"from_messages":41,"from_poi_to_this_person":13,"from_this_person_to_poi":1,"loan_advances":null,"long_term_incentive":null,"other":"NaN","poi":false,"restricted_stock":"NaN","restricted_stock_deferred":null,"salary":"NaN","shared_receipt_with_poi":761,"to_messages":1486,"total_payments":49288,"total_stock_value":"NaN","name":"BROWN MICHAEL"},{"bonus":500000,"deferral_payments":null,"deferred_income":null,"director_fees":null,"email_address":"john.buchanan@enron.com","exercised_stock_options":825464.0,"expenses":600,"from_messages":125,"from_poi_to_this_person":0,"from_this_person_to_poi":0,"loan_advances":null,"long_term_incentive":304805.0,"other":1215,"poi":false,"restricted_stock":189041,"restricted_stock_deferred":null,"salary":248017,"shared_receipt_with_poi":23,"to_messages":1088,"total_payments":1054637,"total_stock_value":1014505,"name":"BUCHANAN HAROLD G"},{"bonus":750000,"deferral_payments":null,"deferred_income":-75000.0,"director_fees":null,"email_address":"bob.butts@enron.com","exercised_stock_options":null,"expenses":9410,"from_messages":"NaN","from_poi_to_this_person":"NaN","from_this_person_to_poi":"NaN","loan_advances":null,"long_term_incentive":175000.0,"other":150656,"poi":false,"restricted_stock":417619,"restricted_stock_deferred":null,"salary":261516,"shared_receipt_with_poi":"NaN","to_messages":"NaN","total_payments":1271582,"total_stock_value":417619,"name":"BUTTS ROBERT H"},{"bonus":900000,"deferral_payments":649584.0,"deferred_income":-694862.0,"director_fees":null,"email_address":"rick.buy@enron.com","exercised_stock_options":2542813.0,"expenses":"NaN","from_messages":1053,"from_poi_to_this_person":156,"from_this_person_to_poi":71,"loan_advances":null,"long_term_incentive":769862.0,"other":400572,"poi":false,"restricted_stock":901657,"restricted_stock_deferred":null,"salary":330546,"shared_receipt_with_poi":2333,"to_messages":3523,"total_payments":2355702,"total_stock_value":3444470,"name":"BUY RICHARD B"},{"bonus":1250000,"deferral_payments":null,"deferred_income":-262500.0,"director_fees":null,"email_address":"christopher.calger@enron.com","exercised_stock_options":null,"expenses":35818,"from_messages":144,"from_poi_to_this_person":199,"from_this_person_to_poi":25,"loan_advances":null,"long_term_incentive":375304.0,"other":486,"poi":true,"restricted_stock":126027,"restricted_stock_deferred":null,"salary":240189,"shared_receipt_with_poi":2188,"to_messages":2598,"total_payments":1639297,"total_stock_value":126027,"name":"CALGER CHRISTOPHER F"},{"bonus":300000,"deferral_payments":null,"deferred_income":-159792.0,"director_fees":null,"email_address":"rebecca.carter@enron.com","exercised_stock_options":null,"expenses":"NaN","from_messages":15,"from_poi_to_this_person":29,"from_this_person_to_poi":7,"loan_advances":null,"long_term_incentive":75000.0,"other":540,"poi":false,"restricted_stock":307301,"restricted_stock_deferred":-307301.0,"salary":261809,"shared_receipt_with_poi":196,"to_messages":312,"total_payments":477557,"total_stock_value":"NaN","name":"CARTER REBECCA C"},{"bonus":1000000,"deferral_payments":null,"deferred_income":-235000.0,"director_fees":null,"email_address":"richard.causey@enron.com","exercised_stock_options":null,"expenses":30674,"from_messages":49,"from_poi_to_this_person":58,"from_this_person_to_poi":12,"loan_advances":null,"long_term_incentive":350000.0,"other":307895,"poi":true,"restricted_stock":2502063,"restricted_stock_deferred":null,"salary":415189,"shared_receipt_with_poi":1585,"to_messages":1892,"total_payments":1868758,"total_stock_value":2502063,"name":"CAUSEY RICHARD A"},{"bonus":"NaN","deferral_payments":null,"deferred_income":-98784.0,"director_fees":98784.0,"email_address":"NaN","exercised_stock_options":null,"expenses":"NaN","from_messages":"NaN","from_poi_to_this_person":"NaN","from_this_person_to_poi":"NaN","loan_advances":null,"long_term_incentive":null,"other":"NaN","poi":false,"restricted_stock":32460,"restricted_stock_deferred":-32460.0,"salary":"NaN","shared_receipt_with_poi":"NaN","to_messages":"NaN","total_payments":"NaN","total_stock_value":"NaN","name":"CHAN RONNIE"},{"bonus":"NaN","deferral_payments":null,"deferred_income":null,"director_fees":null,"email_address":"diomedes.christodoulou@enron.com","exercised_stock_options":5127155.0,"expenses":"NaN","from_messages":"NaN","from_poi_to_this_person":"NaN","from_this_person_to_poi":"NaN","loan_advances":null,"long_term_incentive":null,"other":"NaN","poi":false,"restricted_stock":950730,"restricted_stock_deferred":null,"salary":"NaN","shared_receipt_with_poi":"NaN","to_messages":"NaN","total_payments":"NaN","total_stock_value":6077885,"name":"CHRISTODOULOU DIOMEDES"},{"bonus":"NaN","deferral_payments":null,"deferred_income":null,"director_fees":null,"email_address":"NaN","exercised_stock_options":null,"expenses":"NaN","from_messages":"NaN","from_poi_to_this_person":"NaN","from_this_person_to_poi":"NaN","loan_advances":null,"long_term_incentive":null,"other":"NaN","poi":false,"restricted_stock":662086,"restricted_stock_deferred":-472568.0,"salary":"NaN","shared_receipt_with_poi":"NaN","to_messages":"NaN","total_payments":"NaN","total_stock_value":189518,"name":"CLINE KENNETH W"},{"bonus":1200000,"deferral_payments":27610.0,"deferred_income":-144062.0,"director_fees":null,"email_address":"wes.colwell@enron.com","exercised_stock_options":null,"expenses":16514,"from_messages":40,"from_poi_to_this_person":240,"from_this_person_to_poi":11,"loan_advances":null,"long_term_incentive":null,"other":101740,"poi":true,"restricted_stock":698242,"restricted_stock_deferred":null,"salary":288542,"shared_receipt_with_poi":1132,"to_messages":1758,"total_payments":1490344,"total_stock_value":698242,"name":"COLWELL WESLEY"},{"bonus":"NaN","deferral_payments":null,"deferred_income":null,"director_fees":null,"email_address":"bill.cordes@enron.com","exercised_stock_options":651850.0,"expenses":"NaN","from_messages":12,"from_poi_to_this_person":10,"from_this_person_to_poi":0,"loan_advances":null,"long_term_incentive":null,"other":"NaN","poi":false,"restricted_stock":386335,"restricted_stock_deferred":null,"salary":"NaN","shared_receipt_with_poi":58,"to_messages":764,"total_payments":"NaN","total_stock_value":1038185,"name":"CORDES WILLIAM R"},{"bonus":800000,"deferral_payments":null,"deferred_income":-41250.0,"director_fees":null,"email_address":"chip.cox@enron.com","exercised_stock_options":117551.0,"expenses":27861,"from_messages":33,"from_poi_to_this_person":0,"from_this_person_to_poi":4,"loan_advances":null,"long_term_incentive":null,"other":494,"poi":false,"restricted_stock":378082,"restricted_stock_deferred":null,"salary":314288,"shared_receipt_with_poi":71,"to_messages":102,"total_payments":1101393,"total_stock_value":495633,"name":"COX DAVID"},{"bonus":325000,"deferral_payments":null,"deferred_income":null,"director_fees":null,"email_address":"NaN","exercised_stock_options":null,"expenses":22344,"from_messages":"NaN","from_poi_to_this_person":"NaN","from_this_person_to_poi":"NaN","loan_advances":null,"long_term_incentive":275000.0,"other":713,"poi":false,"restricted_stock":207940,"restricted_stock_deferred":null,"salary":184899,"shared_receipt_with_poi":"NaN","to_messages":"NaN","total_payments":807956,"total_stock_value":207940,"name":"CUMBERLAND MICHAEL S"},{"bonus":600000,"deferral_payments":null,"deferred_income":null,"director_fees":null,"email_address":"joseph.deffner@enron.com","exercised_stock_options":17378.0,"expenses":41626,"from_messages":74,"from_poi_to_this_person":115,"from_this_person_to_poi":4,"loan_advances":null,"long_term_incentive":335349.0,"other":25553,"poi":false,"restricted_stock":141833,"restricted_stock_deferred":null,"salary":206121,"shared_receipt_with_poi":552,"to_messages":714,"total_payments":1208649,"total_stock_value":159211,"name":"DEFFNER JOSEPH M"},{"bonus":3000000,"deferral_payments":null,"deferred_income":null,"director_fees":null,"email_address":"david.delainey@enron.com","exercised_stock_options":2291113.0,"expenses":86174,"from_messages":3069,"from_poi_to_this_person":66,"from_this_person_to_poi":609,"loan_advances":null,"long_term_incentive":1294981.0,"other":1661,"poi":true,"restricted_stock":1323148,"restricted_stock_deferred":null,"salary":365163,"shared_receipt_with_poi":2097,"to_messages":3093,"total_payments":4747979,"total_stock_value":3614261,"name":"DELAINEY DAVID W"},{"bonus":800000,"deferral_payments":null,"deferred_income":-1284000.0,"director_fees":null,"email_address":"james.derrick@enron.com","exercised_stock_options":8831913.0,"expenses":51124,"from_messages":909,"from_poi_to_this_person":64,"from_this_person_to_poi":20,"loan_advances":null,"long_term_incentive":484000.0,"other":7482,"poi":false,"restricted_stock":1787380,"restricted_stock_deferred":-1787380.0,"salary":492375,"shared_receipt_with_poi":1401,"to_messages":2181,"total_payments":550981,"total_stock_value":8831913,"name":"DERRICK JR. JAMES V"},{"bonus":425000,"deferral_payments":875307.0,"deferred_income":-775241.0,"director_fees":null,"email_address":"timothy.detmering@enron.com","exercised_stock_options":2027865.0,"expenses":52255,"from_messages":"NaN","from_poi_to_this_person":"NaN","from_this_person_to_poi":"NaN","loan_advances":null,"long_term_incentive":415657.0,"other":1105,"poi":false,"restricted_stock":315068,"restricted_stock_deferred":-315068.0,"salary":210500,"shared_receipt_with_poi":"NaN","to_messages":"NaN","total_payments":1204583,"total_stock_value":2027865,"name":"DETMERING TIMOTHY J"},{"bonus":600000,"deferral_payments":null,"deferred_income":null,"director_fees":null,"email_address":"janet.dietrich@enron.com","exercised_stock_options":1550019.0,"expenses":3475,"from_messages":63,"from_poi_to_this_person":305,"from_this_person_to_poi":14,"loan_advances":null,"long_term_incentive":556416.0,"other":473,"poi":false,"restricted_stock":315068,"restricted_stock_deferred":null,"salary":250100,"shared_receipt_with_poi":1902,"to_messages":2572,"total_payments":1410464,"total_stock_value":1865087,"name":"DIETRICH JANET R"},{"bonus":1000000,"deferral_payments":null,"deferred_income":null,"director_fees":null,"email_address":"richard.dimichele@enron.com","exercised_stock_options":8191755.0,"expenses":35812,"from_messages":"NaN","from_poi_to_this_person":"NaN","from_this_person_to_poi":"NaN","loan_advances":null,"long_term_incentive":694862.0,"other":374689,"poi":false,"restricted_stock":126027,"restricted_stock_deferred":null,"salary":262788,"shared_receipt_with_poi":"NaN","to_messages":"NaN","total_payments":2368151,"total_stock_value":8317782,"name":"DIMICHELE RICHARD G"},{"bonus":70000,"deferral_payments":null,"deferred_income":null,"director_fees":null,"email_address":"keith.dodson@enron.com","exercised_stock_options":null,"expenses":28164,"from_messages":14,"from_poi_to_this_person":10,"from_this_person_to_poi":3,"loan_advances":null,"long_term_incentive":null,"other":774,"poi":false,"restricted_stock":"NaN","restricted_stock_deferred":null,"salary":221003,"shared_receipt_with_poi":114,"to_messages":176,"total_payments":319941,"total_stock_value":"NaN","name":"DODSON KEITH"},{"bonus":800000,"deferral_payments":null,"deferred_income":-300000.0,"director_fees":null,"email_address":"jeff.donahue@enron.com","exercised_stock_options":765920.0,"expenses":96268,"from_messages":22,"from_poi_to_this_person":188,"from_this_person_to_poi":11,"loan_advances":null,"long_term_incentive":null,"other":891,"poi":false,"restricted_stock":315068,"restricted_stock_deferred":null,"salary":278601,"shared_receipt_with_poi":772,"to_messages":865,"total_payments":875760,"total_stock_value":1080988,"name":"DONAHUE JR JEFFREY M"},{"bonus":"NaN","deferral_payments":null,"deferred_income":-25000.0,"director_fees":102492.0,"email_address":"NaN","exercised_stock_options":371750.0,"expenses":"NaN","from_messages":"NaN","from_poi_to_this_person":"NaN","from_this_person_to_poi":"NaN","loan_advances":null,"long_term_incentive":null,"other":"NaN","poi":false,"restricted_stock":"NaN","restricted_stock_deferred":null,"salary":"NaN","shared_receipt_with_poi":"NaN","to_messages":"NaN","total_payments":77492,"total_stock_value":371750,"name":"DUNCAN JOHN H"},{"bonus":750000,"deferral_payments":null,"deferred_income":null,"director_fees":null,"email_address":"w.duran@enron.com","exercised_stock_options":1451869.0,"expenses":25785,"from_messages":12,"from_poi_to_this_person":106,"from_this_person_to_poi":3,"loan_advances":null,"long_term_incentive":1105218.0,"other":1568,"poi":false,"restricted_stock":189041,"restricted_stock_deferred":null,"salary":210692,"shared_receipt_with_poi":599,"to_messages":904,"total_payments":2093263,"total_stock_value":1640910,"name":"DURAN WILLIAM D"},{"bonus":200000,"deferral_payments":null,"deferred_income":null,"director_fees":null,"email_address":"john.echols@enron.com","exercised_stock_options":601438.0,"expenses":21530,"from_messages":"NaN","from_poi_to_this_person":"NaN","from_this_person_to_poi":"NaN","loan_advances":null,"long_term_incentive":2234774.0,"other":53775,"poi":false,"restricted_stock":407503,"restricted_stock_deferred":null,"salary":182245,"shared_receipt_with_poi":"NaN","to_messages":"NaN","total_payments":2692324,"total_stock_value":1008941,"name":"ECHOLS JOHN B"},{"bonus":350000,"deferral_payments":null,"deferred_income":-400729.0,"director_fees":null,"email_address":"steven.elliott@enron.com","exercised_stock_options":4890344.0,"expenses":78552,"from_messages":"NaN","from_poi_to_this_person":"NaN","from_this_person_to_poi":"NaN","loan_advances":null,"long_term_incentive":null,"other":12961,"poi":false,"restricted_stock":1788391,"restricted_stock_deferred":null,"salary":170941,"shared_receipt_with_poi":"NaN","to_messages":"NaN","total_payments":211725,"total_stock_value":6678735,"name":"ELLIOTT STEVEN"},{"bonus":2500000,"deferral_payments":null,"deferred_income":null,"director_fees":null,"email_address":"jim.fallon@enron.com","exercised_stock_options":940257.0,"expenses":95924,"from_messages":75,"from_poi_to_this_person":42,"from_this_person_to_poi":37,"loan_advances":null,"long_term_incentive":374347.0,"other":401481,"poi":false,"restricted_stock":1392142,"restricted_stock_deferred":null,"salary":304588,"shared_receipt_with_poi":1604,"to_messages":1755,"total_payments":3676340,"total_stock_value":2332399,"name":"FALLON JAMES B"},{"bonus":1300000,"deferral_payments":null,"deferred_income":-1386055.0,"director_fees":null,"email_address":"andrew.fastow@enron.com","exercised_stock_options":null,"expenses":55921,"from_messages":"NaN","from_poi_to_this_person":"NaN","from_this_person_to_poi":"NaN","loan_advances":null,"long_term_incentive":1736055.0,"other":277464,"poi":true,"restricted_stock":1794412,"restricted_stock_deferred":null,"salary":440698,"shared_receipt_with_poi":"NaN","to_messages":"NaN","total_payments":2424083,"total_stock_value":1794412,"name":"FASTOW ANDREW S"},{"bonus":350000,"deferral_payments":null,"deferred_income":null,"director_fees":null,"email_address":"jay.fitzgerald@enron.com","exercised_stock_options":664461.0,"expenses":23870,"from_messages":16,"from_poi_to_this_person":1,"from_this_person_to_poi":8,"loan_advances":null,"long_term_incentive":556416.0,"other":285414,"poi":false,"restricted_stock":956775,"restricted_stock_deferred":null,"salary":199157,"shared_receipt_with_poi":723,"to_messages":936,"total_payments":1414857,"total_stock_value":1621236,"name":"FITZGERALD JAY L"},{"bonus":"NaN","deferral_payments":null,"deferred_income":null,"director_fees":null,"email_address":"kulvinder.fowler@enron.com","exercised_stock_options":1324578.0,"expenses":"NaN","from_messages":36,"from_poi_to_this_person":0,"from_this_person_to_poi":0,"loan_advances":null,"long_term_incentive":null,"other":"NaN","poi":false,"restricted_stock":560170,"restricted_stock_deferred":null,"salary":"NaN","shared_receipt_with_poi":10,"to_messages":517,"total_payments":"NaN","total_stock_value":1884748,"name":"FOWLER PEGGY"},{"bonus":"NaN","deferral_payments":181755.0,"deferred_income":null,"director_fees":null,"email_address":"tracy.foy@enron.com","exercised_stock_options":343434.0,"expenses":"NaN","from_messages":13,"from_poi_to_this_person":0,"from_this_person_to_poi":0,"loan_advances":null,"long_term_incentive":null,"other":"NaN","poi":false,"restricted_stock":"NaN","restricted_stock_deferred":null,"salary":"NaN","shared_receipt_with_poi":2,"to_messages":57,"total_payments":181755,"total_stock_value":343434,"name":"FOY JOE"},{"bonus":2000000,"deferral_payments":6426990.0,"deferred_income":-3367011.0,"director_fees":null,"email_address":"mark.frevert@enron.com","exercised_stock_options":10433518.0,"expenses":86987,"from_messages":21,"from_poi_to_this_person":242,"from_this_person_to_poi":6,"loan_advances":2000000.0,"long_term_incentive":1617011.0,"other":7427621,"poi":false,"restricted_stock":4188667,"restricted_stock_deferred":null,"salary":1060932,"shared_receipt_with_poi":2979,"to_messages":3275,"total_payments":17252530,"total_stock_value":14622185,"name":"FREVERT MARK A"},{"bonus":"NaN","deferral_payments":50591.0,"deferred_income":null,"director_fees":null,"email_address":"NaN","exercised_stock_options":176378.0,"expenses":"NaN","from_messages":"NaN","from_poi_to_this_person":"NaN","from_this_person_to_poi":"NaN","loan_advances":null,"long_term_incentive":null,"other":"NaN","poi":false,"restricted_stock":"NaN","restricted_stock_deferred":null,"salary":"NaN","shared_receipt_with_poi":"NaN","to_messages":"NaN","total_payments":50591,"total_stock_value":176378,"name":"FUGH JOHN L"},{"bonus":509870,"deferral_payments":73122.0,"deferred_income":-1042.0,"director_fees":null,"email_address":"NaN","exercised_stock_options":83237.0,"expenses":50080,"from_messages":"NaN","from_poi_to_this_person":"NaN","from_this_person_to_poi":"NaN","loan_advances":null,"long_term_incentive":null,"other":76547,"poi":false,"restricted_stock":235370,"restricted_stock_deferred":null,"salary":192008,"shared_receipt_with_poi":"NaN","to_messages":"NaN","total_payments":900585,"total_stock_value":318607,"name":"GAHN ROBERT S"},{"bonus":850000,"deferral_payments":null,"deferred_income":null,"director_fees":null,"email_address":"kevin.garland@enron.com","exercised_stock_options":636246.0,"expenses":48405,"from_messages":44,"from_poi_to_this_person":10,"from_this_person_to_poi":27,"loan_advances":null,"long_term_incentive":375304.0,"other":60814,"poi":false,"restricted_stock":259907,"restricted_stock_deferred":null,"salary":231946,"shared_receipt_with_poi":178,"to_messages":209,"total_payments":1566469,"total_stock_value":896153,"name":"GARLAND C KEVIN"},{"bonus":"NaN","deferral_payments":null,"deferred_income":null,"director_fees":null,"email_address":"NaN","exercised_stock_options":1753766.0,"expenses":"NaN","from_messages":"NaN","from_poi_to_this_person":"NaN","from_this_person_to_poi":"NaN","loan_advances":null,"long_term_incentive":null,"other":"NaN","poi":false,"restricted_stock":264013,"restricted_stock_deferred":-72419.0,"salary":"NaN","shared_receipt_with_poi":"NaN","to_messages":"NaN","total_payments":"NaN","total_stock_value":1945360,"name":"GATHMANN WILLIAM D"},{"bonus":"NaN","deferral_payments":504610.0,"deferred_income":null,"director_fees":null,"email_address":"dana.gibbs@enron.com","exercised_stock_options":2218275.0,"expenses":"NaN","from_messages":12,"from_poi_to_this_person":0,"from_this_person_to_poi":0,"loan_advances":null,"long_term_incentive":461912.0,"other":"NaN","poi":false,"restricted_stock":"NaN","restricted_stock_deferred":null,"salary":"NaN","shared_receipt_with_poi":23,"to_messages":169,"total_payments":966522,"total_stock_value":2218275,"name":"GIBBS DANA R"},{"bonus":"NaN","deferral_payments":null,"deferred_income":null,"director_fees":null,"email_address":"NaN","exercised_stock_options":9803.0,"expenses":"NaN","from_messages":"NaN","from_poi_to_this_person":"NaN","from_this_person_to_poi":"NaN","loan_advances":null,"long_term_incentive":null,"other":"NaN","poi":false,"restricted_stock":75838,"restricted_stock_deferred":null,"salary":"NaN","shared_receipt_with_poi":"NaN","to_messages":"NaN","total_payments":"NaN","total_stock_value":85641,"name":"GILLIS JOHN"},{"bonus":600000,"deferral_payments":null,"deferred_income":null,"director_fees":null,"email_address":"ben.glisan@enron.com","exercised_stock_options":384728.0,"expenses":125978,"from_messages":16,"from_poi_to_this_person":52,"from_this_person_to_poi":6,"loan_advances":null,"long_term_incentive":71023.0,"other":200308,"poi":true,"restricted_stock":393818,"restricted_stock_deferred":null,"salary":274975,"shared_receipt_with_poi":874,"to_messages":873,"total_payments":1272284,"total_stock_value":778546,"name":"GLISAN JR BEN F"},{"bonus":750000,"deferral_payments":null,"deferred_income":null,"director_fees":null,"email_address":"joe.gold@enron.com","exercised_stock_options":436515.0,"expenses":"NaN","from_messages":"NaN","from_poi_to_this_person":"NaN","from_this_person_to_poi":"NaN","loan_advances":null,"long_term_incentive":304805.0,"other":819288,"poi":false,"restricted_stock":441096,"restricted_stock_deferred":null,"salary":272880,"shared_receipt_with_poi":"NaN","to_messages":"NaN","total_payments":2146973,"total_stock_value":877611,"name":"GOLD JOSEPH"},{"bonus":"NaN","deferral_payments":null,"deferred_income":null,"director_fees":119292.0,"email_address":"NaN","exercised_stock_options":null,"expenses":"NaN","from_messages":"NaN","from_poi_to_this_person":"NaN","from_this_person_to_poi":"NaN","loan_advances":null,"long_term_incentive":null,"other":"NaN","poi":false,"restricted_stock":"NaN","restricted_stock_deferred":null,"salary":"NaN","shared_receipt_with_poi":"NaN","to_messages":"NaN","total_payments":119292,"total_stock_value":"NaN","name":"GRAMM WENDY L"},{"bonus":"NaN","deferral_payments":93585.0,"deferred_income":null,"director_fees":null,"email_address":"NaN","exercised_stock_options":null,"expenses":"NaN","from_messages":"NaN","from_poi_to_this_person":"NaN","from_this_person_to_poi":"NaN","loan_advances":null,"long_term_incentive":365625.0,"other":680833,"poi":false,"restricted_stock":"NaN","restricted_stock_deferred":null,"salary":6615,"shared_receipt_with_poi":"NaN","to_messages":"NaN","total_payments":1146658,"total_stock_value":"NaN","name":"GRAY RODNEY"},{"bonus":1150000,"deferral_payments":2157527.0,"deferred_income":-934484.0,"director_fees":null,"email_address":"mark.haedicke@enron.com","exercised_stock_options":608750.0,"expenses":76169,"from_messages":1941,"from_poi_to_this_person":180,"from_this_person_to_poi":61,"loan_advances":null,"long_term_incentive":983346.0,"other":52382,"poi":false,"restricted_stock":524169,"restricted_stock_deferred":-329825.0,"salary":374125,"shared_receipt_with_poi":1847,"to_messages":4009,"total_payments":3859065,"total_stock_value":803094,"name":"HAEDICKE MARK E"},{"bonus":1500000,"deferral_payments":null,"deferred_income":-3117011.0,"director_fees":null,"email_address":"kevin.hannon@enron.com","exercised_stock_options":5538001.0,"expenses":34039,"from_messages":32,"from_poi_to_this_person":32,"from_this_person_to_poi":21,"loan_advances":null,"long_term_incentive":1617011.0,"other":11350,"poi":true,"restricted_stock":853064,"restricted_stock_deferred":null,"salary":243293,"shared_receipt_with_poi":1035,"to_messages":1045,"total_payments":288682,"total_stock_value":6391065,"name":"HANNON KEVIN P"},{"bonus":"NaN","deferral_payments":null,"deferred_income":null,"director_fees":null,"email_address":"david.haug@enron.com","exercised_stock_options":null,"expenses":475,"from_messages":19,"from_poi_to_this_person":4,"from_this_person_to_poi":7,"loan_advances":null,"long_term_incentive":null,"other":"NaN","poi":false,"restricted_stock":2217299,"restricted_stock_deferred":null,"salary":"NaN","shared_receipt_with_poi":471,"to_messages":573,"total_payments":475,"total_stock_value":2217299,"name":"HAUG DAVID L"},{"bonus":"NaN","deferral_payments":7961.0,"deferred_income":null,"director_fees":null,"email_address":"robert.hayes@enron.com","exercised_stock_options":null,"expenses":"NaN","from_messages":12,"from_poi_to_this_person":16,"from_this_person_to_poi":0,"loan_advances":null,"long_term_incentive":null,"other":"NaN","poi":false,"restricted_stock":151418,"restricted_stock_deferred":null,"salary":"NaN","shared_receipt_with_poi":50,"to_messages":504,"total_payments":7961,"total_stock_value":151418,"name":"HAYES ROBERT E"},{"bonus":"NaN","deferral_payments":null,"deferred_income":null,"director_fees":null,"email_address":"rod.hayslett@enron.com","exercised_stock_options":null,"expenses":"NaN","from_messages":1061,"from_poi_to_this_person":35,"from_this_person_to_poi":38,"loan_advances":null,"long_term_incentive":null,"other":"NaN","poi":false,"restricted_stock":346663,"restricted_stock_deferred":null,"salary":"NaN","shared_receipt_with_poi":571,"to_messages":2649,"total_payments":"NaN","total_stock_value":346663,"name":"HAYSLETT RODERICK J"},{"bonus":700000,"deferral_payments":null,"deferred_income":-280000.0,"director_fees":null,"email_address":"robert.hermann@enron.com","exercised_stock_options":187500.0,"expenses":48357,"from_messages":"NaN","from_poi_to_this_person":"NaN","from_this_person_to_poi":"NaN","loan_advances":null,"long_term_incentive":150000.0,"other":416441,"poi":false,"restricted_stock":480632,"restricted_stock_deferred":null,"salary":262663,"shared_receipt_with_poi":"NaN","to_messages":"NaN","total_payments":1297461,"total_stock_value":668132,"name":"HERMANN ROBERT J"},{"bonus":1700000,"deferral_payments":null,"deferred_income":null,"director_fees":null,"email_address":"gary.hickerson@enron.com","exercised_stock_options":null,"expenses":98849,"from_messages":27,"from_poi_to_this_person":40,"from_this_person_to_poi":1,"loan_advances":null,"long_term_incentive":69223.0,"other":1936,"poi":false,"restricted_stock":441096,"restricted_stock_deferred":null,"salary":211788,"shared_receipt_with_poi":900,"to_messages":1320,"total_payments":2081796,"total_stock_value":441096,"name":"HICKERSON GARY J"},{"bonus":"NaN","deferral_payments":10259.0,"deferred_income":null,"director_fees":null,"email_address":"joe.hirko@enron.com","exercised_stock_options":30766064.0,"expenses":77978,"from_messages":"NaN","from_poi_to_this_person":"NaN","from_this_person_to_poi":"NaN","loan_advances":null,"long_term_incentive":null,"other":2856,"poi":true,"restricted_stock":"NaN","restricted_stock_deferred":null,"salary":"NaN","shared_receipt_with_poi":"NaN","to_messages":"NaN","total_payments":91093,"total_stock_value":30766064,"name":"HIRKO JOSEPH"},{"bonus":"NaN","deferral_payments":3131860.0,"deferred_income":null,"director_fees":null,"email_address":"stanley.horton@enron.com","exercised_stock_options":5210569.0,"expenses":"NaN","from_messages":1073,"from_poi_to_this_person":44,"from_this_person_to_poi":15,"loan_advances":null,"long_term_incentive":null,"other":"NaN","poi":false,"restricted_stock":2046079,"restricted_stock_deferred":null,"salary":"NaN","shared_receipt_with_poi":1074,"to_messages":2350,"total_payments":3131860,"total_stock_value":7256648,"name":"HORTON STANLEY C"},{"bonus":"NaN","deferral_payments":null,"deferred_income":null,"director_fees":null,"email_address":"james.hughes@enron.com","exercised_stock_options":754966.0,"expenses":"NaN","from_messages":34,"from_poi_to_this_person":35,"from_this_person_to_poi":5,"loan_advances":null,"long_term_incentive":null,"other":"NaN","poi":false,"restricted_stock":363428,"restricted_stock_deferred":null,"salary":"NaN","shared_receipt_with_poi":589,"to_messages":719,"total_payments":"NaN","total_stock_value":1118394,"name":"HUGHES JAMES A"},{"bonus":"NaN","deferral_payments":2964506.0,"deferred_income":null,"director_fees":null,"email_address":"gene.humphrey@enron.com","exercised_stock_options":2282768.0,"expenses":4994,"from_messages":17,"from_poi_to_this_person":10,"from_this_person_to_poi":17,"loan_advances":null,"long_term_incentive":null,"other":"NaN","poi":false,"restricted_stock":"NaN","restricted_stock_deferred":null,"salary":130724,"shared_receipt_with_poi":119,"to_messages":128,"total_payments":3100224,"total_stock_value":2282768,"name":"HUMPHREY GENE E"},{"bonus":"NaN","deferral_payments":null,"deferred_income":null,"director_fees":null,"email_address":"larry.izzo@enron.com","exercised_stock_options":2165172.0,"expenses":28093,"from_messages":19,"from_poi_to_this_person":28,"from_this_person_to_poi":5,"loan_advances":null,"long_term_incentive":312500.0,"other":1553729,"poi":false,"restricted_stock":3654808,"restricted_stock_deferred":null,"salary":85274,"shared_receipt_with_poi":437,"to_messages":496,"total_payments":1979596,"total_stock_value":5819980,"name":"IZZO LAWRENCE L"},{"bonus":250000,"deferral_payments":null,"deferred_income":null,"director_fees":null,"email_address":"charlene.jackson@enron.com","exercised_stock_options":185063.0,"expenses":10181,"from_messages":56,"from_poi_to_this_person":25,"from_this_person_to_poi":19,"loan_advances":null,"long_term_incentive":null,"other":2435,"poi":false,"restricted_stock":540672,"restricted_stock_deferred":null,"salary":288558,"shared_receipt_with_poi":117,"to_messages":258,"total_payments":551174,"total_stock_value":725735,"name":"JACKSON CHARLENE R"},{"bonus":"NaN","deferral_payments":null,"deferred_income":-25000.0,"director_fees":108750.0,"email_address":"NaN","exercised_stock_options":431750.0,"expenses":"NaN","from_messages":"NaN","from_poi_to_this_person":"NaN","from_this_person_to_poi":"NaN","loan_advances":null,"long_term_incentive":null,"other":"NaN","poi":false,"restricted_stock":44093,"restricted_stock_deferred":-44093.0,"salary":"NaN","shared_receipt_with_poi":"NaN","to_messages":"NaN","total_payments":83750,"total_stock_value":431750,"name":"JAEDICKE ROBERT"},{"bonus":400000,"deferral_payments":null,"deferred_income":null,"director_fees":null,"email_address":"vince.kaminski@enron.com","exercised_stock_options":850010.0,"expenses":83585,"from_messages":14368,"from_poi_to_this_person":41,"from_this_person_to_poi":171,"loan_advances":null,"long_term_incentive":323466.0,"other":4669,"poi":false,"restricted_stock":126027,"restricted_stock_deferred":null,"salary":275101,"shared_receipt_with_poi":583,"to_messages":4607,"total_payments":1086821,"total_stock_value":976037,"name":"KAMINSKI WINCENTY J"},{"bonus":1000000,"deferral_payments":null,"deferred_income":null,"director_fees":null,"email_address":"steven.kean@enron.com","exercised_stock_options":2022048.0,"expenses":41953,"from_messages":6759,"from_poi_to_this_person":140,"from_this_person_to_poi":387,"loan_advances":null,"long_term_incentive":300000.0,"other":1231,"poi":false,"restricted_stock":4131594,"restricted_stock_deferred":null,"salary":404338,"shared_receipt_with_poi":3639,"to_messages":12754,"total_payments":1747522,"total_stock_value":6153642,"name":"KEAN STEVEN J"},{"bonus":"NaN","deferral_payments":null,"deferred_income":-51042.0,"director_fees":null,"email_address":"joe.kishkill@enron.com","exercised_stock_options":null,"expenses":116335,"from_messages":"NaN","from_poi_to_this_person":"NaN","from_this_person_to_poi":"NaN","loan_advances":null,"long_term_incentive":null,"other":465357,"poi":false,"restricted_stock":1034346,"restricted_stock_deferred":null,"salary":174246,"shared_receipt_with_poi":"NaN","to_messages":"NaN","total_payments":704896,"total_stock_value":1034346,"name":"KISHKILL JOSEPH G"},{"bonus":3100000,"deferral_payments":null,"deferred_income":null,"director_fees":null,"email_address":"louise.kitchen@enron.com","exercised_stock_options":81042.0,"expenses":5774,"from_messages":1728,"from_poi_to_this_person":251,"from_this_person_to_poi":194,"loan_advances":null,"long_term_incentive":null,"other":93925,"poi":false,"restricted_stock":466101,"restricted_stock_deferred":null,"salary":271442,"shared_receipt_with_poi":3669,"to_messages":8305,"total_payments":3471141,"total_stock_value":547143,"name":"KITCHEN LOUISE"},{"bonus":700000,"deferral_payments":null,"deferred_income":null,"director_fees":null,"email_address":"mark.koenig@enron.com","exercised_stock_options":671737.0,"expenses":127017,"from_messages":61,"from_poi_to_this_person":53,"from_this_person_to_poi":15,"loan_advances":null,"long_term_incentive":300000.0,"other":150458,"poi":true,"restricted_stock":1248318,"restricted_stock_deferred":null,"salary":309946,"shared_receipt_with_poi":2271,"to_messages":2374,"total_payments":1587421,"total_stock_value":1920055,"name":"KOENIG MARK E"},{"bonus":800000,"deferral_payments":null,"deferred_income":null,"director_fees":null,"email_address":"michael.kopper@enron.com","exercised_stock_options":null,"expenses":118134,"from_messages":"NaN","from_poi_to_this_person":"NaN","from_this_person_to_poi":"NaN","loan_advances":null,"long_term_incentive":602671.0,"other":907502,"poi":true,"restricted_stock":985032,"restricted_stock_deferred":null,"salary":224305,"shared_receipt_with_poi":"NaN","to_messages":"NaN","total_payments":2652612,"total_stock_value":985032,"name":"KOPPER MICHAEL J"},{"bonus":8000000,"deferral_payments":null,"deferred_income":null,"director_fees":null,"email_address":"john.lavorato@enron.com","exercised_stock_options":4158995.0,"expenses":49537,"from_messages":2585,"from_poi_to_this_person":528,"from_this_person_to_poi":411,"loan_advances":null,"long_term_incentive":2035380.0,"other":1552,"poi":false,"restricted_stock":1008149,"restricted_stock_deferred":null,"salary":339288,"shared_receipt_with_poi":3962,"to_messages":7259,"total_payments":10425757,"total_stock_value":5167144,"name":"LAVORATO JOHN J"},{"bonus":7000000,"deferral_payments":202911.0,"deferred_income":-300000.0,"director_fees":null,"email_address":"kenneth.lay@enron.com","exercised_stock_options":34348384.0,"expenses":99832,"from_messages":36,"from_poi_to_this_person":123,"from_this_person_to_poi":16,"loan_advances":81525000.0,"long_term_incentive":3600000.0,"other":10359729,"poi":true,"restricted_stock":14761694,"restricted_stock_deferred":null,"salary":1072321,"shared_receipt_with_poi":2411,"to_messages":4273,"total_payments":103559793,"total_stock_value":49110078,"name":"LAY KENNETH L"},{"bonus":1000000,"deferral_payments":null,"deferred_income":null,"director_fees":null,"email_address":"dan.leff@enron.com","exercised_stock_options":null,"expenses":"NaN","from_messages":63,"from_poi_to_this_person":67,"from_this_person_to_poi":14,"loan_advances":null,"long_term_incentive":1387399.0,"other":3083,"poi":false,"restricted_stock":360528,"restricted_stock_deferred":null,"salary":273746,"shared_receipt_with_poi":2672,"to_messages":2822,"total_payments":2664228,"total_stock_value":360528,"name":"LEFF DANIEL P"},{"bonus":"NaN","deferral_payments":null,"deferred_income":-25000.0,"director_fees":112492.0,"email_address":"NaN","exercised_stock_options":412878.0,"expenses":"NaN","from_messages":"NaN","from_poi_to_this_person":"NaN","from_this_person_to_poi":"NaN","loan_advances":null,"long_term_incentive":null,"other":"NaN","poi":false,"restricted_stock":"NaN","restricted_stock_deferred":null,"salary":"NaN","shared_receipt_with_poi":"NaN","to_messages":"NaN","total_payments":87492,"total_stock_value":412878,"name":"LEMAISTRE CHARLES"},{"bonus":"NaN","deferral_payments":null,"deferred_income":null,"director_fees":null,"email_address":"richard.lewis@enron.com","exercised_stock_options":850477.0,"expenses":"NaN","from_messages":26,"from_poi_to_this_person":10,"from_this_person_to_poi":0,"loan_advances":null,"long_term_incentive":null,"other":"NaN","poi":false,"restricted_stock":"NaN","restricted_stock_deferred":null,"salary":"NaN","shared_receipt_with_poi":739,"to_messages":952,"total_payments":"NaN","total_stock_value":850477,"name":"LEWIS RICHARD"},{"bonus":200000,"deferral_payments":204075.0,"deferred_income":null,"director_fees":null,"email_address":"tod.lindholm@enron.com","exercised_stock_options":2549361.0,"expenses":57727,"from_messages":"NaN","from_poi_to_this_person":"NaN","from_this_person_to_poi":"NaN","loan_advances":null,"long_term_incentive":175000.0,"other":2630,"poi":false,"restricted_stock":514847,"restricted_stock_deferred":null,"salary":236457,"shared_receipt_with_poi":"NaN","to_messages":"NaN","total_payments":875889,"total_stock_value":3064208,"name":"LINDHOLM TOD A"},{"bonus":"NaN","deferral_payments":null,"deferred_income":null,"director_fees":null,"email_address":"NaN","exercised_stock_options":372205.0,"expenses":"NaN","from_messages":"NaN","from_poi_to_this_person":"NaN","from_this_person_to_poi":"NaN","loan_advances":null,"long_term_incentive":null,"other":"NaN","poi":false,"restricted_stock":153686,"restricted_stock_deferred":-153686.0,"salary":"NaN","shared_receipt_with_poi":"NaN","to_messages":"NaN","total_payments":"NaN","total_stock_value":372205,"name":"LOWRY CHARLES P"},{"bonus":"NaN","deferral_payments":85430.0,"deferred_income":null,"director_fees":null,"email_address":"a..martin@enron.com","exercised_stock_options":2070306.0,"expenses":8211,"from_messages":230,"from_poi_to_this_person":8,"from_this_person_to_poi":0,"loan_advances":null,"long_term_incentive":5145434.0,"other":2818454,"poi":false,"restricted_stock":"NaN","restricted_stock_deferred":null,"salary":349487,"shared_receipt_with_poi":477,"to_messages":1522,"total_payments":8407016,"total_stock_value":2070306,"name":"MARTIN AMANDA K"},{"bonus":"NaN","deferral_payments":null,"deferred_income":null,"director_fees":null,"email_address":"danny.mccarty@enron.com","exercised_stock_options":664375.0,"expenses":"NaN","from_messages":215,"from_poi_to_this_person":25,"from_this_person_to_poi":2,"loan_advances":null,"long_term_incentive":null,"other":"NaN","poi":false,"restricted_stock":94556,"restricted_stock_deferred":null,"salary":"NaN","shared_receipt_with_poi":508,"to_messages":1433,"total_payments":"NaN","total_stock_value":758931,"name":"MCCARTY DANNY J"},{"bonus":900000,"deferral_payments":null,"deferred_income":-125000.0,"director_fees":null,"email_address":"george.mcclellan@enron.com","exercised_stock_options":506765.0,"expenses":228763,"from_messages":49,"from_poi_to_this_person":52,"from_this_person_to_poi":0,"loan_advances":null,"long_term_incentive":null,"other":51587,"poi":false,"restricted_stock":441096,"restricted_stock_deferred":null,"salary":263413,"shared_receipt_with_poi":1469,"to_messages":1744,"total_payments":1318763,"total_stock_value":947861,"name":"MCCLELLAN GEORGE"},{"bonus":1100000,"deferral_payments":null,"deferred_income":null,"director_fees":null,"email_address":"mike.mcconnell@enron.com","exercised_stock_options":1623010.0,"expenses":81364,"from_messages":2742,"from_poi_to_this_person":92,"from_this_person_to_poi":194,"loan_advances":null,"long_term_incentive":554422.0,"other":540,"poi":false,"restricted_stock":1478269,"restricted_stock_deferred":null,"salary":365038,"shared_receipt_with_poi":2189,"to_messages":3329,"total_payments":2101364,"total_stock_value":3101279,"name":"MCCONNELL MICHAEL S"},{"bonus":"NaN","deferral_payments":null,"deferred_income":null,"director_fees":null,"email_address":"rebecca.mcdonald@enron.com","exercised_stock_options":757301.0,"expenses":"NaN","from_messages":13,"from_poi_to_this_person":54,"from_this_person_to_poi":1,"loan_advances":null,"long_term_incentive":null,"other":"NaN","poi":false,"restricted_stock":934065,"restricted_stock_deferred":null,"salary":"NaN","shared_receipt_with_poi":720,"to_messages":894,"total_payments":"NaN","total_stock_value":1691366,"name":"MCDONALD REBECCA"},{"bonus":2600000,"deferral_payments":null,"deferred_income":null,"director_fees":null,"email_address":"jeffrey.mcmahon@enron.com","exercised_stock_options":1104054.0,"expenses":137108,"from_messages":48,"from_poi_to_this_person":58,"from_this_person_to_poi":26,"loan_advances":null,"long_term_incentive":694862.0,"other":297353,"poi":false,"restricted_stock":558801,"restricted_stock_deferred":null,"salary":370448,"shared_receipt_with_poi":2228,"to_messages":2355,"total_payments":4099771,"total_stock_value":1662855,"name":"MCMAHON JEFFREY"},{"bonus":"NaN","deferral_payments":null,"deferred_income":-103750.0,"director_fees":103750.0,"email_address":"NaN","exercised_stock_options":null,"expenses":148,"from_messages":"NaN","from_poi_to_this_person":"NaN","from_this_person_to_poi":"NaN","loan_advances":null,"long_term_incentive":null,"other":"NaN","poi":false,"restricted_stock":"NaN","restricted_stock_deferred":null,"salary":"NaN","shared_receipt_with_poi":"NaN","to_messages":"NaN","total_payments":148,"total_stock_value":"NaN","name":"MENDELSOHN JOHN"},{"bonus":600000,"deferral_payments":null,"deferred_income":null,"director_fees":null,"email_address":"mark.metts@enron.com","exercised_stock_options":null,"expenses":94299,"from_messages":29,"from_poi_to_this_person":38,"from_this_person_to_poi":1,"loan_advances":null,"long_term_incentive":null,"other":1740,"poi":false,"restricted_stock":585062,"restricted_stock_deferred":null,"salary":365788,"shared_receipt_with_poi":702,"to_messages":807,"total_payments":1061827,"total_stock_value":585062,"name":"METTS MARK"},{"bonus":"NaN","deferral_payments":null,"deferred_income":-38346.0,"director_fees":38346.0,"email_address":"NaN","exercised_stock_options":null,"expenses":2151,"from_messages":"NaN","from_poi_to_this_person":"NaN","from_this_person_to_poi":"NaN","loan_advances":null,"long_term_incentive":null,"other":"NaN","poi":false,"restricted_stock":"NaN","restricted_stock_deferred":null,"salary":"NaN","shared_receipt_with_poi":"NaN","to_messages":"NaN","total_payments":2151,"total_stock_value":"NaN","name":"MEYER JEROME J"},{"bonus":"NaN","deferral_payments":1848227.0,"deferred_income":null,"director_fees":null,"email_address":"rockford.meyer@enron.com","exercised_stock_options":493489.0,"expenses":"NaN","from_messages":28,"from_poi_to_this_person":0,"from_this_person_to_poi":0,"loan_advances":null,"long_term_incentive":null,"other":"NaN","poi":false,"restricted_stock":462384,"restricted_stock_deferred":null,"salary":"NaN","shared_receipt_with_poi":22,"to_messages":232,"total_payments":1848227,"total_stock_value":955873,"name":"MEYER ROCKFORD G"},{"bonus":"NaN","deferral_payments":null,"deferred_income":null,"director_fees":null,"email_address":"michael.moran@enron.com","exercised_stock_options":59539.0,"expenses":"NaN","from_messages":19,"from_poi_to_this_person":0,"from_this_person_to_poi":0,"loan_advances":null,"long_term_incentive":null,"other":"NaN","poi":false,"restricted_stock":161602,"restricted_stock_deferred":null,"salary":"NaN","shared_receipt_with_poi":127,"to_messages":672,"total_payments":"NaN","total_stock_value":221141,"name":"MORAN MICHAEL P"},{"bonus":325000,"deferral_payments":null,"deferred_income":null,"director_fees":null,"email_address":"kristina.mordaunt@enron.com","exercised_stock_options":null,"expenses":35018,"from_messages":"NaN","from_poi_to_this_person":"NaN","from_this_person_to_poi":"NaN","loan_advances":null,"long_term_incentive":null,"other":1411,"poi":false,"restricted_stock":208510,"restricted_stock_deferred":null,"salary":267093,"shared_receipt_with_poi":"NaN","to_messages":"NaN","total_payments":628522,"total_stock_value":208510,"name":"MORDAUNT KRISTINA M"},{"bonus":1100000,"deferral_payments":842924.0,"deferred_income":-719000.0,"director_fees":null,"email_address":"s..muller@enron.com","exercised_stock_options":1056320.0,"expenses":"NaN","from_messages":16,"from_poi_to_this_person":12,"from_this_person_to_poi":0,"loan_advances":null,"long_term_incentive":1725545.0,"other":947,"poi":false,"restricted_stock":360528,"restricted_stock_deferred":null,"salary":251654,"shared_receipt_with_poi":114,"to_messages":136,"total_payments":3202070,"total_stock_value":1416848,"name":"MULLER MARK S"},{"bonus":400000,"deferral_payments":null,"deferred_income":null,"director_fees":null,"email_address":"julia.murray@enron.com","exercised_stock_options":400478.0,"expenses":57580,"from_messages":45,"from_poi_to_this_person":11,"from_this_person_to_poi":2,"loan_advances":null,"long_term_incentive":125000.0,"other":330,"poi":false,"restricted_stock":196983,"restricted_stock_deferred":null,"salary":229284,"shared_receipt_with_poi":395,"to_messages":2192,"total_payments":812194,"total_stock_value":597461,"name":"MURRAY JULIA H"},{"bonus":"NaN","deferral_payments":774401.0,"deferred_income":null,"director_fees":null,"email_address":"NaN","exercised_stock_options":null,"expenses":"NaN","from_messages":"NaN","from_poi_to_this_person":"NaN","from_this_person_to_poi":"NaN","loan_advances":null,"long_term_incentive":null,"other":"NaN","poi":false,"restricted_stock":463261,"restricted_stock_deferred":-94556.0,"salary":"NaN","shared_receipt_with_poi":"NaN","to_messages":"NaN","total_payments":774401,"total_stock_value":368705,"name":"NOLES JAMES L"},{"bonus":750000,"deferral_payments":77716.0,"deferred_income":null,"director_fees":null,"email_address":"cindy.olson@enron.com","exercised_stock_options":1637034.0,"expenses":63791,"from_messages":52,"from_poi_to_this_person":20,"from_this_person_to_poi":15,"loan_advances":null,"long_term_incentive":100000.0,"other":972,"poi":false,"restricted_stock":969729,"restricted_stock_deferred":null,"salary":329078,"shared_receipt_with_poi":856,"to_messages":1184,"total_payments":1321557,"total_stock_value":2606763,"name":"OLSON CINDY K"},{"bonus":"NaN","deferral_payments":null,"deferred_income":null,"director_fees":null,"email_address":"jere.overdyke@enron.com","exercised_stock_options":5266578.0,"expenses":18834,"from_messages":"NaN","from_poi_to_this_person":"NaN","from_this_person_to_poi":"NaN","loan_advances":null,"long_term_incentive":135836.0,"other":176,"poi":false,"restricted_stock":2041016,"restricted_stock_deferred":null,"salary":94941,"shared_receipt_with_poi":"NaN","to_messages":"NaN","total_payments":249787,"total_stock_value":7307594,"name":"OVERDYKE JR JERE C"},{"bonus":1000000,"deferral_payments":null,"deferred_income":null,"director_fees":null,"email_address":"lou.pai@enron.com","exercised_stock_options":15364167.0,"expenses":32047,"from_messages":"NaN","from_poi_to_this_person":"NaN","from_this_person_to_poi":"NaN","loan_advances":null,"long_term_incentive":null,"other":1829457,"poi":false,"restricted_stock":8453763,"restricted_stock_deferred":null,"salary":261879,"shared_receipt_with_poi":"NaN","to_messages":"NaN","total_payments":3123383,"total_stock_value":23817930,"name":"PAI LOU L"},{"bonus":"NaN","deferral_payments":null,"deferred_income":-101250.0,"director_fees":101250.0,"email_address":"NaN","exercised_stock_options":null,"expenses":27942,"from_messages":"NaN","from_poi_to_this_person":"NaN","from_this_person_to_poi":"NaN","loan_advances":null,"long_term_incentive":null,"other":"NaN","poi":false,"restricted_stock":"NaN","restricted_stock_deferred":null,"salary":"NaN","shared_receipt_with_poi":"NaN","to_messages":"NaN","total_payments":27942,"total_stock_value":"NaN","name":"PEREIRA PAULO V. FERRAZ"},{"bonus":300000,"deferral_payments":null,"deferred_income":null,"director_fees":null,"email_address":"mark.pickering@enron.com","exercised_stock_options":28798.0,"expenses":31653,"from_messages":67,"from_poi_to_this_person":7,"from_this_person_to_poi":0,"loan_advances":400000.0,"long_term_incentive":null,"other":"NaN","poi":false,"restricted_stock":"NaN","restricted_stock_deferred":null,"salary":655037,"shared_receipt_with_poi":728,"to_messages":898,"total_payments":1386690,"total_stock_value":28798,"name":"PICKERING MARK R"},{"bonus":400000,"deferral_payments":1130036.0,"deferred_income":-33333.0,"director_fees":null,"email_address":"greg.piper@enron.com","exercised_stock_options":880290.0,"expenses":43057,"from_messages":222,"from_poi_to_this_person":61,"from_this_person_to_poi":48,"loan_advances":null,"long_term_incentive":null,"other":778,"poi":false,"restricted_stock":409554,"restricted_stock_deferred":-409554.0,"salary":197091,"shared_receipt_with_poi":742,"to_messages":1238,"total_payments":1737629,"total_stock_value":880290,"name":"PIPER GREGORY F"},{"bonus":"NaN","deferral_payments":null,"deferred_income":null,"director_fees":null,"email_address":"jim.piro@enron.com","exercised_stock_options":null,"expenses":"NaN","from_messages":16,"from_poi_to_this_person":0,"from_this_person_to_poi":1,"loan_advances":null,"long_term_incentive":null,"other":"NaN","poi":false,"restricted_stock":47304,"restricted_stock_deferred":null,"salary":"NaN","shared_receipt_with_poi":3,"to_messages":58,"total_payments":"NaN","total_stock_value":47304,"name":"PIRO JIM"},{"bonus":"NaN","deferral_payments":null,"deferred_income":-17500.0,"director_fees":17500.0,"email_address":"ken.powers@enron.com","exercised_stock_options":null,"expenses":"NaN","from_messages":26,"from_poi_to_this_person":0,"from_this_person_to_poi":0,"loan_advances":null,"long_term_incentive":null,"other":"NaN","poi":false,"restricted_stock":"NaN","restricted_stock_deferred":null,"salary":"NaN","shared_receipt_with_poi":12,"to_messages":653,"total_payments":"NaN","total_stock_value":"NaN","name":"POWERS WILLIAM"},{"bonus":"NaN","deferral_payments":564348.0,"deferred_income":null,"director_fees":null,"email_address":"james.prentice@enron.com","exercised_stock_options":886231.0,"expenses":"NaN","from_messages":"NaN","from_poi_to_this_person":"NaN","from_this_person_to_poi":"NaN","loan_advances":null,"long_term_incentive":null,"other":"NaN","poi":false,"restricted_stock":208809,"restricted_stock_deferred":null,"salary":"NaN","shared_receipt_with_poi":"NaN","to_messages":"NaN","total_payments":564348,"total_stock_value":1095040,"name":"PRENTICE JAMES"},{"bonus":"NaN","deferral_payments":null,"deferred_income":null,"director_fees":null,"email_address":"brian.redmond@enron.com","exercised_stock_options":7509039.0,"expenses":14689,"from_messages":221,"from_poi_to_this_person":204,"from_this_person_to_poi":49,"loan_advances":null,"long_term_incentive":null,"other":"NaN","poi":false,"restricted_stock":381285,"restricted_stock_deferred":null,"salary":96840,"shared_receipt_with_poi":1063,"to_messages":1671,"total_payments":111529,"total_stock_value":7890324,"name":"REDMOND BRIAN L"},{"bonus":100000,"deferral_payments":51365.0,"deferred_income":-200000.0,"director_fees":null,"email_address":"NaN","exercised_stock_options":4160672.0,"expenses":8409,"from_messages":"NaN","from_poi_to_this_person":"NaN","from_this_person_to_poi":"NaN","loan_advances":null,"long_term_incentive":156250.0,"other":202052,"poi":false,"restricted_stock":201483,"restricted_stock_deferred":-140264.0,"salary":76399,"shared_receipt_with_poi":"NaN","to_messages":"NaN","total_payments":394475,"total_stock_value":4221891,"name":"REYNOLDS LAWRENCE"},{"bonus":1750000,"deferral_payments":null,"deferred_income":-3504386.0,"director_fees":null,"email_address":"ken.rice@enron.com","exercised_stock_options":19794175.0,"expenses":46950,"from_messages":18,"from_poi_to_this_person":42,"from_this_person_to_poi":4,"loan_advances":null,"long_term_incentive":1617011.0,"other":174839,"poi":true,"restricted_stock":2748364,"restricted_stock_deferred":null,"salary":420636,"shared_receipt_with_poi":864,"to_messages":905,"total_payments":505050,"total_stock_value":22542539,"name":"RICE KENNETH D"},{"bonus":700000,"deferral_payments":214678.0,"deferred_income":-100000.0,"director_fees":null,"email_address":"paula.rieker@enron.com","exercised_stock_options":1635238.0,"expenses":33271,"from_messages":82,"from_poi_to_this_person":35,"from_this_person_to_poi":48,"loan_advances":null,"long_term_incentive":null,"other":1950,"poi":true,"restricted_stock":283649,"restricted_stock_deferred":null,"salary":249201,"shared_receipt_with_poi":1258,"to_messages":1328,"total_payments":1099100,"total_stock_value":1918887,"name":"RIEKER PAULA H"},{"bonus":"NaN","deferral_payments":null,"deferred_income":-121284.0,"director_fees":125034.0,"email_address":"NaN","exercised_stock_options":null,"expenses":"NaN","from_messages":"NaN","from_poi_to_this_person":"NaN","from_this_person_to_poi":"NaN","loan_advances":null,"long_term_incentive":null,"other":"NaN","poi":false,"restricted_stock":"NaN","restricted_stock_deferred":null,"salary":"NaN","shared_receipt_with_poi":"NaN","to_messages":"NaN","total_payments":3750,"total_stock_value":"NaN","name":"SAVAGE FRANK"},{"bonus":"NaN","deferral_payments":null,"deferred_income":null,"director_fees":null,"email_address":"matthew.scrimshaw@enron.com","exercised_stock_options":759557.0,"expenses":"NaN","from_messages":"NaN","from_poi_to_this_person":"NaN","from_this_person_to_poi":"NaN","loan_advances":null,"long_term_incentive":null,"other":"NaN","poi":false,"restricted_stock":"NaN","restricted_stock_deferred":null,"salary":"NaN","shared_receipt_with_poi":"NaN","to_messages":"NaN","total_payments":"NaN","total_stock_value":759557,"name":"SCRIMSHAW MATTHEW"},{"bonus":2000000,"deferral_payments":null,"deferred_income":null,"director_fees":null,"email_address":"jeffrey.shankman@enron.com","exercised_stock_options":1441898.0,"expenses":178979,"from_messages":2681,"from_poi_to_this_person":94,"from_this_person_to_poi":83,"loan_advances":null,"long_term_incentive":554422.0,"other":1191,"poi":false,"restricted_stock":630137,"restricted_stock_deferred":null,"salary":304110,"shared_receipt_with_poi":1730,"to_messages":3221,"total_payments":3038702,"total_stock_value":2072035,"name":"SHANKMAN JEFFREY A"},{"bonus":650000,"deferral_payments":null,"deferred_income":null,"director_fees":null,"email_address":"richard.shapiro@enron.com","exercised_stock_options":607837.0,"expenses":137767,"from_messages":1215,"from_poi_to_this_person":74,"from_this_person_to_poi":65,"loan_advances":null,"long_term_incentive":null,"other":705,"poi":false,"restricted_stock":379164,"restricted_stock_deferred":null,"salary":269076,"shared_receipt_with_poi":4527,"to_messages":15149,"total_payments":1057548,"total_stock_value":987001,"name":"SHAPIRO RICHARD S"},{"bonus":600000,"deferral_payments":187469.0,"deferred_income":null,"director_fees":null,"email_address":"vicki.sharp@enron.com","exercised_stock_options":281073.0,"expenses":116337,"from_messages":136,"from_poi_to_this_person":24,"from_this_person_to_poi":6,"loan_advances":null,"long_term_incentive":422158.0,"other":2401,"poi":false,"restricted_stock":213063,"restricted_stock_deferred":null,"salary":248146,"shared_receipt_with_poi":2477,"to_messages":3136,"total_payments":1576511,"total_stock_value":494136,"name":"SHARP VICTORIA T"},{"bonus":200000,"deferral_payments":null,"deferred_income":-4167.0,"director_fees":null,"email_address":"rex.shelby@enron.com","exercised_stock_options":1624396.0,"expenses":22884,"from_messages":39,"from_poi_to_this_person":13,"from_this_person_to_poi":14,"loan_advances":null,"long_term_incentive":null,"other":1573324,"poi":true,"restricted_stock":869220,"restricted_stock_deferred":null,"salary":211844,"shared_receipt_with_poi":91,"to_messages":225,"total_payments":2003885,"total_stock_value":2493616,"name":"SHELBY REX"},{"bonus":"NaN","deferral_payments":null,"deferred_income":null,"director_fees":null,"email_address":"jeffrey.sherrick@enron.com","exercised_stock_options":1426469.0,"expenses":"NaN","from_messages":25,"from_poi_to_this_person":39,"from_this_person_to_poi":18,"loan_advances":null,"long_term_incentive":null,"other":"NaN","poi":false,"restricted_stock":405999,"restricted_stock_deferred":null,"salary":"NaN","shared_receipt_with_poi":583,"to_messages":613,"total_payments":"NaN","total_stock_value":1832468,"name":"SHERRICK JEFFREY B"},{"bonus":1500000,"deferral_payments":null,"deferred_income":null,"director_fees":null,"email_address":"john.sherriff@enron.com","exercised_stock_options":1835558.0,"expenses":"NaN","from_messages":92,"from_poi_to_this_person":28,"from_this_person_to_poi":23,"loan_advances":null,"long_term_incentive":554422.0,"other":1852186,"poi":false,"restricted_stock":1293424,"restricted_stock_deferred":null,"salary":428780,"shared_receipt_with_poi":2103,"to_messages":3187,"total_payments":4335388,"total_stock_value":3128982,"name":"SHERRIFF JOHN R"},{"bonus":5600000,"deferral_payments":null,"deferred_income":null,"director_fees":null,"email_address":"jeff.skilling@enron.com","exercised_stock_options":19250000.0,"expenses":29336,"from_messages":108,"from_poi_to_this_person":88,"from_this_person_to_poi":30,"loan_advances":null,"long_term_incentive":1920000.0,"other":22122,"poi":true,"restricted_stock":6843672,"restricted_stock_deferred":null,"salary":1111258,"shared_receipt_with_poi":2042,"to_messages":3627,"total_payments":8682716,"total_stock_value":26093672,"name":"SKILLING JEFFREY K"},{"bonus":500000,"deferral_payments":null,"deferred_income":null,"director_fees":null,"email_address":"frank.stabler@enron.com","exercised_stock_options":null,"expenses":16514,"from_messages":"NaN","from_poi_to_this_person":"NaN","from_this_person_to_poi":"NaN","loan_advances":null,"long_term_incentive":null,"other":356071,"poi":false,"restricted_stock":511734,"restricted_stock_deferred":null,"salary":239502,"shared_receipt_with_poi":"NaN","to_messages":"NaN","total_payments":1112087,"total_stock_value":511734,"name":"STABLER FRANK"},{"bonus":100000,"deferral_payments":181993.0,"deferred_income":null,"director_fees":null,"email_address":"NaN","exercised_stock_options":1362375.0,"expenses":"NaN","from_messages":"NaN","from_poi_to_this_person":"NaN","from_this_person_to_poi":"NaN","loan_advances":null,"long_term_incentive":554422.0,"other":162,"poi":false,"restricted_stock":"NaN","restricted_stock_deferred":null,"salary":162779,"shared_receipt_with_poi":"NaN","to_messages":"NaN","total_payments":999356,"total_stock_value":1362375,"name":"SULLIVAN-SHAKLOVITZ COLLEEN"},{"bonus":700000,"deferral_payments":null,"deferred_income":null,"director_fees":null,"email_address":"marty.sunde@enron.com","exercised_stock_options":null,"expenses":"NaN","from_messages":38,"from_poi_to_this_person":37,"from_this_person_to_poi":13,"loan_advances":null,"long_term_incentive":476451.0,"other":111122,"poi":false,"restricted_stock":698920,"restricted_stock_deferred":null,"salary":257486,"shared_receipt_with_poi":2565,"to_messages":2647,"total_payments":1545059,"total_stock_value":698920,"name":"SUNDE MARTIN"},{"bonus":600000,"deferral_payments":227449.0,"deferred_income":null,"director_fees":null,"email_address":"mitchell.taylor@enron.com","exercised_stock_options":3181250.0,"expenses":"NaN","from_messages":29,"from_poi_to_this_person":0,"from_this_person_to_poi":0,"loan_advances":null,"long_term_incentive":null,"other":"NaN","poi":false,"restricted_stock":563798,"restricted_stock_deferred":null,"salary":265214,"shared_receipt_with_poi":300,"to_messages":533,"total_payments":1092663,"total_stock_value":3745048,"name":"TAYLOR MITCHELL S"},{"bonus":"NaN","deferral_payments":16586.0,"deferred_income":null,"director_fees":null,"email_address":"terence.thorn@enron.com","exercised_stock_options":4452476.0,"expenses":46145,"from_messages":41,"from_poi_to_this_person":0,"from_this_person_to_poi":0,"loan_advances":null,"long_term_incentive":200000.0,"other":426629,"poi":false,"restricted_stock":365320,"restricted_stock_deferred":null,"salary":222093,"shared_receipt_with_poi":73,"to_messages":266,"total_payments":911453,"total_stock_value":4817796,"name":"THORN TERENCE H"},{"bonus":300000,"deferral_payments":null,"deferred_income":-575000.0,"director_fees":null,"email_address":"elizabeth.tilney@enron.com","exercised_stock_options":591250.0,"expenses":"NaN","from_messages":19,"from_poi_to_this_person":10,"from_this_person_to_poi":11,"loan_advances":null,"long_term_incentive":275000.0,"other":152055,"poi":false,"restricted_stock":576792,"restricted_stock_deferred":null,"salary":247338,"shared_receipt_with_poi":379,"to_messages":460,"total_payments":399393,"total_stock_value":1168042,"name":"TILNEY ELIZABETH A"},{"bonus":788750,"deferral_payments":null,"deferred_income":null,"director_fees":null,"email_address":"adam.umanoff@enron.com","exercised_stock_options":null,"expenses":53122,"from_messages":18,"from_poi_to_this_person":12,"from_this_person_to_poi":0,"loan_advances":null,"long_term_incentive":null,"other":"NaN","poi":false,"restricted_stock":"NaN","restricted_stock_deferred":null,"salary":288589,"shared_receipt_with_poi":41,"to_messages":111,"total_payments":1130461,"total_stock_value":"NaN","name":"UMANOFF ADAM S"},{"bonus":"NaN","deferral_payments":null,"deferred_income":-36666.0,"director_fees":36666.0,"email_address":"NaN","exercised_stock_options":null,"expenses":228656,"from_messages":"NaN","from_poi_to_this_person":"NaN","from_this_person_to_poi":"NaN","loan_advances":null,"long_term_incentive":null,"other":"NaN","poi":false,"restricted_stock":"NaN","restricted_stock_deferred":null,"salary":"NaN","shared_receipt_with_poi":"NaN","to_messages":"NaN","total_payments":228656,"total_stock_value":"NaN","name":"URQUHART JOHN A"},{"bonus":"NaN","deferral_payments":null,"deferred_income":null,"director_fees":109298.0,"email_address":"NaN","exercised_stock_options":null,"expenses":103773,"from_messages":"NaN","from_poi_to_this_person":"NaN","from_this_person_to_poi":"NaN","loan_advances":null,"long_term_incentive":null,"other":"NaN","poi":false,"restricted_stock":"NaN","restricted_stock_deferred":null,"salary":"NaN","shared_receipt_with_poi":"NaN","to_messages":"NaN","total_payments":213071,"total_stock_value":"NaN","name":"WAKEHAM JOHN"},{"bonus":850000,"deferral_payments":null,"deferred_income":null,"director_fees":null,"email_address":"rob.walls@enron.com","exercised_stock_options":4346544.0,"expenses":50936,"from_messages":146,"from_poi_to_this_person":17,"from_this_person_to_poi":0,"loan_advances":null,"long_term_incentive":540751.0,"other":2,"poi":false,"restricted_stock":1552453,"restricted_stock_deferred":null,"salary":357091,"shared_receipt_with_poi":215,"to_messages":671,"total_payments":1798780,"total_stock_value":5898997,"name":"WALLS JR ROBERT H"},{"bonus":"NaN","deferral_payments":53625.0,"deferred_income":null,"director_fees":null,"email_address":"NaN","exercised_stock_options":1030329.0,"expenses":33785,"from_messages":"NaN","from_poi_to_this_person":"NaN","from_this_person_to_poi":"NaN","loan_advances":null,"long_term_incentive":null,"other":"NaN","poi":false,"restricted_stock":"NaN","restricted_stock_deferred":null,"salary":"NaN","shared_receipt_with_poi":"NaN","to_messages":"NaN","total_payments":87410,"total_stock_value":1030329,"name":"WALTERS GARETH W"},{"bonus":325000,"deferral_payments":831299.0,"deferred_income":-583325.0,"director_fees":null,"email_address":"george.wasaff@enron.com","exercised_stock_options":1668260.0,"expenses":"NaN","from_messages":30,"from_poi_to_this_person":22,"from_this_person_to_poi":7,"loan_advances":null,"long_term_incentive":200000.0,"other":1425,"poi":false,"restricted_stock":388167,"restricted_stock_deferred":null,"salary":259996,"shared_receipt_with_poi":337,"to_messages":400,"total_payments":1034395,"total_stock_value":2056427,"name":"WASAFF GEORGE"},{"bonus":"NaN","deferral_payments":null,"deferred_income":-10800.0,"director_fees":null,"email_address":"dick.westfahl@enron.com","exercised_stock_options":null,"expenses":51870,"from_messages":"NaN","from_poi_to_this_person":"NaN","from_this_person_to_poi":"NaN","loan_advances":null,"long_term_incentive":256191.0,"other":401130,"poi":false,"restricted_stock":384930,"restricted_stock_deferred":null,"salary":63744,"shared_receipt_with_poi":"NaN","to_messages":"NaN","total_payments":762135,"total_stock_value":384930,"name":"WESTFAHL RICHARD K"},{"bonus":"NaN","deferral_payments":null,"deferred_income":null,"director_fees":null,"email_address":"NaN","exercised_stock_options":98718.0,"expenses":"NaN","from_messages":"NaN","from_poi_to_this_person":"NaN","from_this_person_to_poi":"NaN","loan_advances":null,"long_term_incentive":null,"other":"NaN","poi":false,"restricted_stock":"NaN","restricted_stock_deferred":null,"salary":"NaN","shared_receipt_with_poi":"NaN","to_messages":"NaN","total_payments":"NaN","total_stock_value":98718,"name":"WHALEY DAVID A"},{"bonus":3000000,"deferral_payments":null,"deferred_income":null,"director_fees":null,"email_address":"greg.whalley@enron.com","exercised_stock_options":3282960.0,"expenses":57838,"from_messages":556,"from_poi_to_this_person":186,"from_this_person_to_poi":24,"loan_advances":null,"long_term_incentive":808346.0,"other":301026,"poi":false,"restricted_stock":2796177,"restricted_stock_deferred":null,"salary":510364,"shared_receipt_with_poi":3920,"to_messages":6019,"total_payments":4677574,"total_stock_value":6079137,"name":"WHALLEY LAWRENCE G"},{"bonus":450000,"deferral_payments":null,"deferred_income":null,"director_fees":null,"email_address":"thomas.white@enron.com","exercised_stock_options":1297049.0,"expenses":81353,"from_messages":"NaN","from_poi_to_this_person":"NaN","from_this_person_to_poi":"NaN","loan_advances":null,"long_term_incentive":null,"other":1085463,"poi":false,"restricted_stock":13847074,"restricted_stock_deferred":null,"salary":317543,"shared_receipt_with_poi":"NaN","to_messages":"NaN","total_payments":1934359,"total_stock_value":15144123,"name":"WHITE JR THOMAS E"},{"bonus":"NaN","deferral_payments":null,"deferred_income":-25000.0,"director_fees":108579.0,"email_address":"NaN","exercised_stock_options":null,"expenses":1413,"from_messages":"NaN","from_poi_to_this_person":"NaN","from_this_person_to_poi":"NaN","loan_advances":null,"long_term_incentive":null,"other":"NaN","poi":false,"restricted_stock":"NaN","restricted_stock_deferred":null,"salary":"NaN","shared_receipt_with_poi":"NaN","to_messages":"NaN","total_payments":84992,"total_stock_value":"NaN","name":"WINOKUR JR. HERBERT S"},{"bonus":"NaN","deferral_payments":null,"deferred_income":null,"director_fees":null,"email_address":"john.wodraska@enron.com","exercised_stock_options":null,"expenses":"NaN","from_messages":"NaN","from_poi_to_this_person":"NaN","from_this_person_to_poi":"NaN","loan_advances":null,"long_term_incentive":null,"other":189583,"poi":false,"restricted_stock":"NaN","restricted_stock_deferred":null,"salary":"NaN","shared_receipt_with_poi":"NaN","to_messages":"NaN","total_payments":189583,"total_stock_value":"NaN","name":"WODRASKA JOHN"},{"bonus":"NaN","deferral_payments":null,"deferred_income":null,"director_fees":null,"email_address":"NaN","exercised_stock_options":139130.0,"expenses":"NaN","from_messages":"NaN","from_poi_to_this_person":"NaN","from_this_person_to_poi":"NaN","loan_advances":null,"long_term_incentive":null,"other":"NaN","poi":false,"restricted_stock":"NaN","restricted_stock_deferred":null,"salary":"NaN","shared_receipt_with_poi":"NaN","to_messages":"NaN","total_payments":"NaN","total_stock_value":139130,"name":"WROBEL BRUCE"},{"bonus":"NaN","deferral_payments":null,"deferred_income":null,"director_fees":null,"email_address":"scott.yeager@enron.com","exercised_stock_options":8308552.0,"expenses":53947,"from_messages":"NaN","from_poi_to_this_person":"NaN","from_this_person_to_poi":"NaN","loan_advances":null,"long_term_incentive":null,"other":147950,"poi":true,"restricted_stock":3576206,"restricted_stock_deferred":null,"salary":158403,"shared_receipt_with_poi":"NaN","to_messages":"NaN","total_payments":360300,"total_stock_value":11884758,"name":"YEAGER F SCOTT"},{"bonus":"NaN","deferral_payments":null,"deferred_income":null,"director_fees":null,"email_address":"NaN","exercised_stock_options":192758.0,"expenses":55097,"from_messages":"NaN","from_poi_to_this_person":"NaN","from_this_person_to_poi":"NaN","loan_advances":null,"long_term_incentive":null,"other":"NaN","poi":false,"restricted_stock":"NaN","restricted_stock_deferred":null,"salary":"NaN","shared_receipt_with_poi":"NaN","to_messages":"NaN","total_payments":55097,"total_stock_value":192758,"name":"YEAP SOON"}]