price,area
598291,1188
1744259,3512
571669,1134
493675,1940
1101539,2208
455235,1785
1489871,2996
821931,3263
299903,1159
321975,1248
863995,3432
968251,3853
576755,2275
356333,698
76647,260
377375,1472
1099099,4380
497643,1956
835571,3318
32023,40
732155,2901
1007072,2017
2209887,4456
297671,1150
1361350,2735
591389,1174
400923,1566
1055051,4203
1656998,3335
336607,1307
1742780,3509
474331,1862
428804,845
449035,1760
269247,1036
275447,1061
690987,2735
301639,1166
555675,2190
2290655,4620
432667,1694
578912,1149
585435,2310
12663,2
970979,3864
1422330,2859
465707,1826
510043,2006
545399,2147
508803,2001
789195,3131
542430,1075
1024327,2052
556915,2195
677099,2679
2410454,4863
535035,1060
606027,1204
326439,1266
1026792,2057
1072315,4272
518425,1026
1585020,3189
734387,2910
932539,3709
89704,157
42423,122
599571,2367
502851,1977
755558,1507
174027,653
515499,2028
2280386,4599
2111203,4256
360911,1405
778035,3086
633451,2503
647683,2561
196108,373
1079543,2164
680075,2691
902556,1805
1041811,4149
366367,1427
55071,173
1329646,2671
492683,1936
478299,1878
1108630,2223
982539,3910
319851,624
227335,867
656958,1307
755715,2996
450027,1764
904528,1809
903049,1806
805067,3195
345287,1342
417703,1634
409084,805
1836450,3699
331151,1285
428699,1678
1057851,2120
2072749,4178
1656012,3333
1442543,2900
505827,1989
375391,1464
266271,1024
444075,1740
135553,250
1587144,3193
470611,1847
667179,2639
1101235,2208
401419,1568
378767,1477
84774,147
267263,1028
293551,1134
766875,3041
126186,231
1001883,3988
1131308,2269
805467,3196
955851,3803
912107,3626
547739,2158
713059,2824
826643,3282
607658,1207
470363,1846
319495,1238
810771,3218
876891,3484
1115532,2237
242215,927
570038,1131
678587,2685
377031,1470
49367,150
545259,2148
1435148,2885
1201523,4793
613574,1219
543523,2141
1045779,4165
654493,1302
621803,1236
204080,389
279319,1076
90699,317
1741794,3507
803331,3188
525668,1041
1219875,4867
357535,1392
667311,1328
496733,982
1405720,2825
1432190,2879
45895,136
355043,1381
953335,1908
273119,1051
497147,1954
45827,68
363639,1416
916171,3643
920139,3659
711971,2819
770099,3054
1009323,4018
930657,1862
1137539,4535
57303,182
218903,833
348607,1356
25121,26
529764,1049
735345,1466
929671,1860
761571,3019
882443,3507
513515,2020
441759,1731
556171,2192
83295,144
969987,3860
1048259,4175
357039,1390
580227,2289
251047,962
643154,1279
577092,1145
1027778,2059
794096,1585
428863,1679
632801,1258
857643,3407
803872,1605
293207,1132
702807,1400
1463163,5848
471107,1849
1294491,2600
719160,1433
380503,1484
336111,1305
1984995,4000
336455,1307
687524,1369
334719,1300
597891,2359
270983,1043
269895,1038
1385848,2785
664353,1322
994291,3958
633142,1259
573641,1138
601363,2373
150219,557
521203,2051
1501210,3019
320347,1243
297175,1148
534542,1059
528395,2080
1118490,2243
2140290,4315
995519,3962
1056443,4208
268999,1035
706599,1408
372319,1451
279567,1077
1379439,2772
372319,1451
1926821,3882
780208,1557
637731,1268
333479,1295
828131,3288
819699,3254
334623,1299
525915,2070
363227,1414
1491350,2999
642661,1278
1038587,4136
577251,2277
1038835,4137
2164940,4365
471695,932
70477,118
848326,1695
274607,1057
262551,1009
289583,1118
399847,1562
401419,1568
548991,1088
345879,1345
432831,1695
364879,1421
25063,52
1164819,4645
1319075,5267
181467,683
859875,3416
1052227,4191
478051,1877
1063883,4238
412042,811
652028,1297
673227,1340
478299,1878
1393479,2800
309823,1199
1062243,4232
181895,344
400839,1566
1989925,4010
1177650,2363
1647631,3316
1540157,3098
120270,219
1673419,3368
323311,1254
229579,877
660331,2612
397463,1553
420763,1646
385959,1506
1410005,2834
85079,294
370831,1445
718915,2847
1093840,2193
610957,1214
1620135,6480
1712366,3447
481943,952
486235,1910
125693,230
1636292,3293
316271,1225
1032215,2068
732387,1460
571547,2254
592627,2339
437627,1714
710543,1416
458211,1797
142779,527
468480,925
367359,1431
571176,1133
484749,958
28039,64
865331,3438
749642,1495
714795,2831
1606247,6424
775059,3074
1615093,3250
295191,1140
386799,1510
845739,3359
884179,3514
608499,2403
332487,1291
317359,1230
714699,2830
517235,2035
439611,1722
300247,1161
1050987,4186
1800613,3626
929067,3695
1181683,4713
246971,476
652521,1298
261063,1003
648084,1289
1039331,4139
315375,1222
945091,3759
1032708,2069
730667,2895
627719,1248
871779,3464
54701,86
676033,1346
1854350,3735
897075,3566
638224,1269
255855,982
785227,3115
614901,1222
547491,2157
479478,947
1644180,3309
391251,1527
454739,1783
544061,1078
870291,3458
1779262,3583
1768416,3561
759995,1516
662722,1319
589758,1171
14151,8
221828,425
863251,3429
45895,136
534843,2106
597305,1186
478340,945
165595,619
277583,1069
285023,1099
260071,999
265431,1020
428367,1677
987499,3930
881451,3503
745782,1487
622939,2460
19359,29
514011,2022
344791,1340
819947,3255
693440,1381
360911,1405
1443681,2902
988739,3935
801099,3179
673720,1341
505083,1986
1603754,3227
635114,1263
137159,504
494116,977
297423,1149
43167,125
378023,1474
687031,1368
1252738,2515
853256,1705
126247,460
704875,2791
1822646,3671
553428,1097
787955,3126
304215,1177
1386834,2787
319343,1238
1699889,3422
60279,194
280903,1083
1131919,4512
224111,854
387695,1513
398731,784
280807,1082
813499,3229
825651,3278
59138,95
268007,1031
578571,1148
710202,1415
855163,3397
1012002,2027
962209,1926
1260631,5031
151329,282
857200,1713
275599,1061
2023297,4078
905259,3599
666173,1326
2011124,4053
304367,1177
136539,252
1009323,4018
784152,1565
346527,1347
534843,2106
541291,2132
571299,2253
725076,1445
309671,1199
875934,1751
868955,3452
1431697,2878
1641222,3303
1013481,2030
912416,1825
1462756,2941
203775,772
542035,2135
513019,2018
439115,1720
435891,1707
1226323,4893
829619,3294
541291,2132
459947,1804
824163,3272
647187,2559
1022355,2048
48375,146
730819,2895
682555,2701
877906,1755
488845,966
730908,1457
884808,1769
302383,1169
525971,2069
652028,1297
1742780,3509
1045526,2095
2519984,5085
522710,1035
914881,1830
1511070,3039
228327,871
2273977,4586
457141,902
301735,1167
716683,2838
599277,1190
490665,970
484901,958
821931,3263
300895,1163
547019,1084
39943,112
928685,1858
1272951,2556
1698069,3418
1075599,2156
364727,1421
361751,1409
241967,926
474396,937
1047991,2100
1287893,2586
665195,2631
1010811,4024
551456,1093
328271,1274
852931,3388
512850,1015
448539,1758
658778,1311
300895,1163
455919,900
125503,457
1586159,6343
490172,969
323215,1253
1953291,3936
358431,1395
908731,3613
502156,993
187419,707
358279,1395
488219,1918
364727,1421
1814910,3655
153939,572
964674,1931
791675,3141
980155,3901
536827,2114
1024451,4079
403155,1575
525667,2069
1061487,4228
1015453,2034
1177303,4695
397451,1552
811763,3222
885419,3519
451763,1771
554414,1099
979563,3898
597305,1186
355951,1385
1631362,3283
45827,68
401583,1569
804365,1606
935267,3720
96239,339
894499,3555
381991,1490
548991,1088
548991,1088
323559,1255
280159,1080
523931,2062
366959,1430
827883,3287
1447966,2911
1003621,2010
283783,1094
1669968,3361
22335,41
1584034,3187
815788,1629
1154972,2317
2018519,4068
1357847,5423
1908428,3845
1636937,3294
1115532,2237
516739,2033
14275,4
342159,1330
833339,3309
103927,370
436635,1710
287255,1108
2341434,4723
1796517,3618
1593894,3207
1538185,3094
26107,28
100455,356
1382303,5521
293303,1133
1723060,3469
244447,936
946827,3766
242959,930
794803,3153
473835,1860
761171,3018
1059823,2124
2026900,4085
626885,1246
450989,890
1030243,2064
1931258,3891
358679,1396
1776304,3577
189783,360
836001,1670
1462415,2940
1701368,3425
535187,1060
340671,1324
710083,2812
678005,1350
784731,3113
1013481,2030
2318756,4677
2056821,4146
304463,1178
872675,3467
1121448,2249
2186375,4408
345383,1343
217675,829
371919,1450
22163,20
557659,2198
1007835,4012
600604,1193
837973,1674
2760720,5573
748163,1492
1935050,3899
859131,3413
495907,1949
258487,992
643988,1281
600604,1193
1321391,5276
1700875,3424
1689688,3401
285023,1099
2289176,4617
546003,2151
660493,1314
661971,2618
1861593,3750
776757,1550
691331,2737
1752640,3529
194611,736
587323,2317
924851,3678
1063767,2132
1145112,2297
354063,1378
370927,1446
891217,1782
1374252,2761
14895,11
309823,1199
869525,1738
382335,1492
765911,1528
989235,3937
1014379,4039
599819,2368
57659,92
51599,159
693963,2747
552783,1096
961223,1924
572787,2259
296927,1147
206267,783
1531776,3081
660902,1315
2947074,5951
580475,2290
545507,2149
626392,1245
789195,3131
723513,1442
2194604,4425
337187,1309
45399,134
517287,1024
325943,1264
470709,930
601097,1194
314631,1219
783743,1564
836258,1671
782757,1562
267275,1029
433907,1699
1043554,2091
432984,853
667311,1328
1256037,2522
182543,687
239487,916
884427,3515
497947,1956
314287,1217
1095812,2197
1828069,3682
689251,2728
1563821,3146
926713,1854
1501210,3019
1434655,2884
668019,2643
998691,2000
283287,1092
1644673,3310
358031,1394
1988294,4007
282791,1090
689989,1374
444075,1740
359175,1398
259339,997
32751,83
299159,1156
547739,2158
824163,3272
375143,1463
1010067,4021
780208,1557
345287,1342
874455,1748
440355,1725
237007,906
825155,3276
335367,1302
345383,1343
1249139,4985
814243,3232
310815,1203
1182675,4717
234679,896
234775,897
647439,1288
1979079,3988
423739,1658
1328508,2669
198083,750
1750175,3524
889635,3536
179375,673
1643839,3308
355455,1383
1708915,3440
1824125,3674
626885,1246
311903,1208
1065867,4246
327679,1271
959819,3819
317111,1229
757378,1511
713059,2824
827883,3287
472595,1855
1317966,2647
1009044,2021
276439,1065
1181271,4711
255015,978
780171,3094
719507,2850
605686,1203
518227,2039
776299,3079
778435,3087
644633,1282
1239275,2488
3074268,6209
872976,1745
401689,790
618504,1229
974699,3879
114591,413
473339,1858
606267,2394
61271,198
1073627,2152
364135,1418
343799,1336
174007,328
1020579,4064
796970,1591
328175,1273
1041582,2087
325791,1264
350495,1363
269151,1035
1127867,4496
476067,1869
1249471,4986
541208,1073
906899,3605
2159517,4354
827043,3283
997705,1998
483507,1899
327527,1271
509299,2003
332983,1293
1222513,2454
905011,3598
515995,2030
966763,3847
963195,1928
301391,1165
299407,1157
908965,1818
769603,3052
552699,2178
34983,92
580884,1153
1408033,2830
361491,1407
333631,1295
1105672,2217
315139,1222
969987,3860
667579,2640
998198,1999
1036159,2076
527651,2077
355455,1383
2132895,4300
604055,1200
1716310,3455
501663,992
354463,1379
315527,1222
286015,1103
522691,2057
364383,1419
212951,809
304615,1178
281895,1087
310911,1204
1843997,3714
254023,974
1351563,5398
979957,1962
321079,1245
419287,1641
2489418,5023
757530,1511
944843,3758
21591,38
409023,1599
800507,3176
1725032,3473
639251,2527
2396157,4834
986859,1976
1408678,2831
996523,3967
263240,509
634621,1262
343022,671
554435,2185
609630,1211
216435,824
1529804,3077
1182087,2372
432748,853
1689536,3401
747035,2961
1777935,3580
1602768,3225
1558631,6232
338427,1314
1189619,4745
305359,1181
349751,1360
739289,1474
443095,1737
529119,1048
729770,1455
391251,1527
752448,1501
252039,966
536331,2112
907491,3608
1096798,2199
1944910,3919
353967,1377
589417,1170
237255,907
71935,241
1291040,2593
393979,1538
709835,2811
433411,1697
680470,1355
1052475,4192
810523,3217
1273443,5083
556915,2195
754971,2993
29065,34
50855,156
358927,1397
728435,2886
515499,2028
549977,1090
312303,1209
536331,2112
308335,1193
750135,1496
510787,2009
972371,3869
830363,3297
582022,1155
313543,1214
638224,1269
455235,1785
249171,956
797875,3166
414811,1622
1144923,2296
320735,1243
516491,2032
910619,3620
573283,2261
71935,241
680571,2693
1288082,2587
464659,1823
376287,1467
1544101,3106
1167383,4655
862011,3424
159710,299
360995,1405
492931,1937
493427,1939
287806,559
1845324,3717
767867,3045
608151,1208
500032,989
483259,1898
795575,1588
498387,1959
727305,1450
1082501,2170
397863,1554
896147,1792
1031722,2067
2228044,4493
120543,437
551561,1094
303871,1175
223863,853
318847,1236
585987,2311
723513,1442
167827,628
407287,1592
1716310,3455
388275,1515
654131,2587
432419,1693
909971,3618
337599,1311
1234345,2478
345631,1344
310319,1201
448539,1758
294447,1137
85327,295
630829,1254
1020083,4062
981436,1965
2158531,4352
668145,1330
611475,2415
888891,3533
286759,1106
1587485,3194
236415,903
959227,3816
746527,2958
517544,1025
381743,1489
633787,1260
1187017,2382
1000170,2003
519752,1029
429533,846
660409,1314
370335,1443
2229030,4495
445309,878
306351,1185
969891,3859
712174,1419
1223347,4881
2058043,4148
1278639,5103
563136,1117
895091,3558
885794,1771
1727497,3478
390175,1523
475487,1867
922771,3669
383811,1497
345383,1343
1009915,4021
497395,1955
906995,3606
1333047,5323
394735,1542
981147,3905
302975,1172
493923,1941
287599,1110
833452,1665
478051,1877
1116211,4449
380751,1485
811351,1620
317359,1230
75903,257
363487,1416
980450,1963
289819,1118
810771,3218
515995,2030
253387,973
371079,1446
291319,1125
1147577,2302
328271,1274
157245,294
342559,1331
647591,1288
2256145,4550
909627,3616
1787150,3599
1107283,4413
1316828,2645
749763,2972
446471,1750
969111,1940
943203,3752
781278,1559
1231880,2473
1158916,2325
583349,1158
1986815,4004
996923,3968
1247163,2504
627595,2480
654000,1301
677171,1348
289335,1117
340079,1321
677099,2679
1538830,3095
1256834,2523
1123420,2253
100550,179
50111,153
258487,992
828113,1654
390519,1525
800355,3176
238259,912
58152,93
669411,2648
827877,1654
515995,2030
506075,1990
669283,1332
851939,3384
278423,1073
335615,1303
280407,1081
1510729,3038
1030983,4105
1204272,2417
849707,3375
515003,2026
546499,2153
632308,1257
690987,2735
1893638,3815
816723,3242
225859,862
1049470,2103
1768909,3562
792915,3146
323215,1253
367111,1430
692947,1380
816774,1631
1346901,2706
453499,1778
536083,2111
276439,1065
427955,1675
390423,1524
709064,1413
964674,1931
30767,75
1686578,3395
361159,1406
335863,1304
1868988,3765
912699,3629
612095,1216
73919,249
292075,1129
608499,2403
845368,1689
1130843,4508
521203,2051
750259,2974
1484479,5933
709216,1413
815211,1628
1942104,3913
338095,1313
1574174,3167
836315,3321
840435,3337
432183,1693
611475,2415
1647631,3316
728187,2885
326687,1267
670403,2652
634773,1262
518425,1026
1266542,2543
324455,1258
387047,1511
535091,2107
810179,3215
266271,1024
262551,1009
63503,207
373311,1455
430931,1687
2238974,4515
32999,84
435147,1704
380103,1483
681115,1356
500619,1968
26055,56
411255,1608
1606219,3232
96606,171
636252,1265
614560,1221
1140675,2288
613081,1218
285271,1100
1315687,5253
350247,1362
600371,2369
583355,2301
1402610,2819
854075,3392
621643,2456
1558891,3136
1902664,3833
1857156,3741
2164447,4364
995733,1994
837973,1674
497643,1956
301846,587
449035,1760
519219,2043
380751,1485
1464880,2945
302879,1171
813995,3231
821435,3261
1725525,3474
1286835,5137
330751,1284
510787,2009
373095,732
1020876,2045
595011,2348
18367,25
838547,3330
184276,349
833452,1665
91279,319
1409512,2833
261463,1004
322471,1250
1068204,2141
1171734,2351
1166804,2341
845368,1689
491195,1930
281055,1083
992059,3949
2017040,4065
436387,1709
43415,126
283535,1093
285863,1103
487707,964
1572847,3164
200703,759
410306,807
787211,3123
1821167,3668
635759,1264
792311,3142
1117504,2241
263543,1013
2432146,4907
279815,1078
447045,882
1243712,2497
579979,2288
566339,2233
551955,2175
425475,1665
778779,3089
919811,1840
627719,1248
793659,3149
670269,1334
544763,2146
73175,246
137323,505
719259,2849
335367,1302
1418879,2852
1256037,2522
906403,3603
2160844,4357
324799,1260
60031,193
504339,1983
599277,1190
298663,1154
962795,3831
296279,1145
307343,1189
316023,1224
403155,1575
261063,1003
533851,2102
562795,1116
44407,130
2042524,4117
295439,1141
223367,851
962795,3831
266023,1023
1691508,3405
339831,1320
697384,1389
805928,1609
858539,3410
1206737,2422
307591,1190
647098,1287
1438751,2892
322223,1249
346279,1346
285519,1101
285341,554
464411,1822
719076,1433
489936,969
1042075,2088
732803,2903
50264,77
580155,1152
1495294,3007
997667,3971
715473,1426
1765610,3555
342903,1333
710543,1416
904019,3594
545507,2149
799363,3172
493179,1938
1330071,5311
875499,3479
1546802,3111
191387,723
253127,971
622060,1237
366367,1427
884923,3517
907987,3610
2190576,4417
1211927,4834
2034872,4101
1639402,3299
443579,1738
864595,1728
1467215,5864
1614107,3248
1905622,3839
364727,1421
261819,1007
1522561,3062
28079,32
500371,1967
1025443,4083
83095,286
236263,903
840438,1679
600067,2369
1818702,3663
315527,1222
573779,2263
874907,3476
1057683,4213
1955908,3941
650397,1294
1051935,2108
326439,1266
763294,1523
1031722,2067
503595,1980
228091,871
356447,1387
2007180,4045
945931,3763
289487,1117
833043,1664
567083,2236
854419,3394
280159,1080
290727,1122
1249135,2508
606027,1204
298759,1155
524675,2065
774219,3070
235023,898
635339,2510
818211,3248
1721581,3466
1679183,3380
303623,1174
243715,934
380983,748
52839,164
1048977,2102
1609670,3239
517731,2037
639251,2527
309327,1197
922275,3667
1138703,2284
1488392,2993
1895117,3818
279663,1078
657792,1309
1222020,2453
1901033,3830
1154138,2315
273615,1053
696891,1388
722731,2863
294803,1140
662381,1318
2414975,4872
486731,1912
23575,46
493675,1940
672734,1339
1474247,2964
507920,1005
1119035,4461
1099431,4381
791083,3138
399599,1561
433823,1699
663211,2623
368943,1438
1087939,4335
1083063,4315
504091,1982
835323,3317
582363,1156
1880820,3789
1010523,2024
74421,126
785227,3115
747261,1490
302879,1171
395879,1546
364135,1418
409271,1600
39695,111
604805,1202
1509591,3036
731907,2900
218407,831
905514,1811
913843,3633
1166311,2340
228563,871
371616,729
1046512,2097
382239,1491
313379,1213
429939,1683
328175,1273
492683,1936
373807,1457
853579,3390
519904,1029
1230043,4908
845861,1690
2223607,4484
973955,3876
517731,2037
367111,1430
1964373,3958
817676,1633
366203,1426
936573,1874
63007,205
568819,2243
326191,1265
331647,1287
732555,2902
1998306,4027
251887,966
472099,1853
1103563,4398
900451,3579
77143,262
660750,1315
551459,2173
760336,1517
516987,2034
636745,1266
823419,3269
535528,1061
128727,470
23575,46
313047,1212
895654,1791
54327,170
721739,2859
257343,988
564107,2224
696739,1388
1816730,3659
1085952,2177
1257516,2525
383811,1497
525915,2070
429195,1680
1441709,2898
543771,2142
279911,1079
416215,1628
944347,3756
339831,1320
406543,1589
396211,1547
543909,1078
1177467,4696
759339,3010
536083,2111
361903,1409
424731,1662
268407,1032
374574,735
1166143,4650
1973163,3976
694307,2749
456227,1789
691468,1377
1225623,2460
660902,1315
730415,1456
827139,3284
551068,1093
485987,1909
278575,1073
1568258,3155
184853,350
598139,1188
387199,1511
569052,1129
417539,1633
600315,2370
1179129,2366
613574,1219
1352324,2717
703641,1402
1026283,4087
498553,986
893259,3550
120270,219
897323,3567
529635,2085
1163331,4639
1554454,3127
1010030,2023
831851,3303
554262,1099
976013,1954
832347,3305
487227,1914
305359,1181
404395,1580
910937,1822
47135,141
1923370,3875
588659,2323
744059,2949
876243,3482
977675,3891
2753325,5558
636275,2515
745289,1486
575763,2271
785723,3117
700342,1395
194859,737
557372,1105
586427,2314
2021477,4074
653539,2584
562371,2217
307839,1191
817715,3246
342903,1333
1536706,3091
303623,1174
33247,85
399447,1561
758843,3008
801407,1600
1645811,3312
1032883,4113
753586,1503
800107,3175
516491,2032
561627,2214
738796,1473
243951,934
458459,1798
993451,3954
469867,1844
302479,1170
2041197,4114
536579,2113
641675,1276
303719,1175
324055,1257
70477,118
870043,3457
296431,1145
793907,3150
198083,750
457219,1793
31759,79
266175,1023
1705805,3434
433411,1697
557372,1105
392322,771
292807,1131
645126,1283
304711,1179
1168776,2345
966915,3847
380007,1482
2082950,4199
1278867,2568
768611,3048
58295,186
312647,1211
890231,1780
511779,2013
799859,3174
793659,3149
631371,2494
734700,1465
2408566,4859
866567,1732
383327,1496
1858294,3743
362247,1411
725115,2872
1079507,4301
967011,3848
869525,1738
843312,1685
1788629,3602
483270,955
379015,1478
291471,1125
63007,205
1257571,5019
1573681,3166
302135,1168
2640921,5330
58645,94
653848,1301
388687,1517
1570723,3160
289239,1116
795299,3155
941010,1883
1629542,3279
866323,3442
1802926,3631
763155,3026
2432639,4908
447299,1753
41927,120
568075,2240
86071,298
927083,3687
565843,2231
437379,1713
654493,1302
686045,1366
1838081,3702
724123,2868
691483,2737
59783,192
747670,1491
972069,1946
2065438,4163
1651575,3324
1138283,4538
307591,1190
878971,3493
829855,3294
577995,2280
423987,1659
326191,1265
248167,951
1705464,3433
413487,1617
184939,697
747283,2962
896827,3565
510537,1010
523696,1037
595826,1183
491803,972
2148671,4332
755963,2997
1406703,5620
692723,2742
276935,1067
1523888,3065
840035,3336
728291,1452
970387,3861
1219062,2447
270058,523
860567,1720
534595,2105
348015,1353
227239,866
530131,2087
198071,749
1360212,2733
361999,1410
877483,3487
38951,108
1535227,3088
851284,1701
363143,1414
519467,2044
1532269,3082
716283,2837
846883,3363
284527,1097
834438,1667
707585,1410
538067,2119
1801447,3628
161682,303
787459,3124
1842109,3710
975843,3883
770925,1538
497147,1954
369095,1438
538315,2120
473410,935
373063,1454
338343,1314
488693,966
281399,1085
839861,1678
1865773,3758
144920,269
578912,1149
467387,1834
946083,3763
270735,1042
51103,157
740243,2933
231455,883
334127,1297
608492,1209
480779,1888
521203,2051
990475,3942
859875,3416
893189,1786
1627570,3275
283383,1093
54823,172
682101,1358
1061995,4231
486731,1912
901787,3585
293951,1135
951635,3786
1100919,4387
2881269,5818
3061298,6183
826643,3282
312647,1211
745299,2954
97727,345
1029257,2062
825899,3279
173035,649
1774075,3572
409271,1600
1745890,3515
460195,1805
460744,909
252383,968
806830,1611
840435,3337
886659,3524
1137375,4534
886287,1772
110623,397
528795,2081
209987,798
410595,1605
1802926,3631
576106,1143
601590,1195
589417,1170
93648,165
625899,1244
91775,321
312895,1212
394475,1540
686538,1367
273367,1052
925727,1852
545011,2147
807299,3204
594115,2345
2529351,5104
755899,1508
420019,1643
2068312,4169
842763,3347
463915,1820
648084,1289
1323237,2658
901539,3584
319343,1238
446967,1752
658437,1310
213459,812
721491,2858
642379,2539
918155,3651
935171,3719
284527,1097
527640,1045
328423,1274
899307,3575
309575,1198
651555,2576
771835,3061
519963,2046
365955,1425
543416,1077
998011,3973
1296767,2604
588163,2321
854915,3396
1733413,3490
2139304,4313
295285,574
831071,1660
1571216,3161
859581,1718
579731,2287
658437,1310
658899,2605
528395,2080
314287,1217
315527,1222
1290547,2592
335711,1304
900547,3580
1000987,3985
961459,3825
525432,1041
885171,3518
863347,3430
386291,1507
794155,3151
1947118,3923
2060424,4153
444323,1741
981436,1965
1859128,3745
78383,267
1729962,3483
257991,990
856651,3403
26107,28
1817223,3660
395467,1544
1721581,3466
372911,1454
487227,1914
2387519,4816
292311,1129
386799,1510
748179,2965
375887,1466
1479863,5915
332639,1291
266423,1024
202935,768
828131,3288
506323,1991
121256,221
760079,1516
313391,1214
293703,1134
1072895,4274
619907,2449
1075883,4287
662229,1318
1053907,2112
1030736,2065
1811800,3649
483507,1899
955107,3800
727939,2884
645851,2553
291719,1126
697384,1389
1164655,4644
617518,1227
697187,2760
1727156,3477
798371,3168
347367,1351
258595,994
1469199,5872
597587,2359
771587,3060
720062,1435
548483,2161
1748355,3520
43167,125
34488,45
390919,1526
871035,3461
596099,2353
301639,1166
1608684,3237
470611,1847
958579,3814
927827,3690
1103411,4398
1439092,2893
621803,1236
1040596,2085
554755,1100
571051,2252
357935,1393
755219,2994
581963,2296
1253439,5002
919147,3655
953371,3793
968499,3854
585187,2309
1408185,2830
269151,1035
1001731,3988
81323,140
907979,1816
349007,1357
400923,1566
773723,3068
2329602,4699
611450,1215
271479,1045
601059,2373
249407,956
2578567,5204
457467,1794
96487,340
40404,57
1829700,3685
989324,1981
347023,1349
1526012,3069
745039,2952
1101728,2209
1116025,2238
1770881,3566
882595,3507
585321,1162
831755,3302
1049499,4180
902187,3586
930459,3700
231055,882
863843,3432
342807,1332
519467,2044
500123,1966
932291,3708
229567,876
594688,1181
771587,3060
1163331,4639
299999,1160
842903,1684
59039,189
400675,1565
926220,1853
586459,1164
666325,1326
709064,1413
734852,1465
520707,2049
570531,1132
1779262,3583
719011,2848
1392409,2798
585814,1163
485987,1909
855721,1710
504587,1984
453251,1777
751614,1499
655972,1305
838039,3327
101536,181
405303,1584
113368,205
1676718,3375
424979,1663
353719,1376
45399,134
1800120,3625
771339,3059
520211,2047
266767,1026
954814,1911
841275,3341
1565300,3149
967632,1937
14275,4
405869,798
495411,1947
529139,2083
352231,1370
587786,1167
349599,1360
521451,2052
805928,1609
23327,45
1186524,2381
484003,1901
198579,752
1428739,2872
803083,3187
2289176,4617
711681,1418
1124231,4481
39911,56
342311,1330
1646152,3313
361999,1410
372911,1454
452856,893
792323,3143
850947,3380
1540650,3099
614067,1220
527792,1045
514822,1019
54823,172
847256,1693
483011,1897
352479,1371
1013539,4035
596595,2355
1128161,2262
335367,1302
1020383,2044
1166804,2341
709064,1413
324703,1259
1572354,3163
333879,1296
689496,1373
489707,1924
894668,1789
400675,1565
784883,3113
776051,3078
744560,1485
1610163,3240
791083,3138
260967,1002
1143327,4558
1166311,2340
861448,1721
2232072,4501
847833,1694
226591,864
334967,1301
1194579,4765
1016019,4045
419687,1642
358305,702
467387,1834
738644,1473
1037595,4132
339335,1318
293703,1134
370831,1445
1123983,4480
582363,1156
370583,1444
1288903,5145
437131,1712
262703,1009
937066,1875
1648769,3318
1877862,3783
1603754,3227
827387,3285
523683,2061
2569436,5185
258983,994
309823,1199
927206,1855
267015,1027
599277,1190
891710,1783
478299,1878
240727,921
446803,1751
390919,1526
375543,1464
553769,1098
360167,1402
937559,1876
865581,1730
835015,1668
1672926,3367
120955,439
624268,1241
646605,1286
819451,3253
849955,3376
352882,691
2464275,4972
1063635,4237
1123913,2254
525667,2069
834331,3313
317855,1232
291223,1124
2015561,4062
1832506,3691
316023,1224
787611,3124
1156387,4611
339431,1319
1461770,2939
637731,1268
1074613,2154
2172419,4380
302680,589
370831,1445
364479,1420
298263,1153
787115,3122
851693,1702
649563,1292
1844574,3715
694919,1384
346375,1347
746043,2957
473339,1858
302135,1168
896827,3565
1314856,2641
1204995,4807
644633,1282
33502,43
836494,1671
346375,1347
718515,2846
288495,1113
982422,1967
679977,1354
309575,1198
897475,3567
278919,1075
249667,958
1719116,3461
1501703,3020
847475,3366
584443,2306
712667,1420
571517,1134
508555,2000
1949347,3928
1941611,3912
310663,1203
787194,1571
491443,1931
23575,46
369439,1440
328519,1275
479539,1883
716435,2837
960467,3821
44903,132
272375,1048
1187510,2383
344639,1340
1682141,3386
16247,8
94141,166
336111,1305
981436,1965
1137127,4533
684073,1362
293703,1134
327183,1269
1051442,2107
548483,2161
1103700,2213
1671447,3364
364219,1418
238247,911
2048440,4129
1751806,3527
615939,2433
551955,2175
788699,3129
1024820,2053
116327,420
580035,2287
1183255,4719
601803,2376
188907,713
690975,1376
1659463,3340
632649,1258
876491,3483
530131,2087
444571,1742
1048484,2101
1293283,5163
1850254,3727
389527,1521
524834,1039
693933,1382
922371,3668
806047,3198
409851,1602
3425777,6922
944431,3756
529271,1048
378023,1474
688851,1372
474653,938
259587,998
734852,1465
816475,3241
2232481,4502
1890187,3808
366119,1426
622635,2460
1709901,3442
1092361,2190
1816882,3659
248911,954
1148070,2303
705123,2792
1168776,2345
1096798,2199
708595,2806
241871,925
783166,1563
508307,1999
599277,1190
643963,2546
797547,1592
411587,1609
1080003,4303
2652108,5353
482515,1895
45895,136
474579,1863
845739,3359
781507,3100
1912372,3853
439859,1723
730171,2893
249311,955
413323,1616
339679,1320
519715,2045
382487,1492
731401,1458
789595,3132
1911622,3851
993761,1990
709987,2811
874455,1748
752448,1501
1588887,6354
271631,1045
1413151,5646
665595,2632
446555,1750
213707,813
564851,2227
1625939,3272
1579104,3177
367855,1433
503595,1980
82309,142
1048977,2102
331495,1287
722375,1440
650549,1294
510539,2008
736467,2919
94999,334
643123,2542
796561,1590
795879,3157
1367114,2747
1441557,2898
362742,711
270251,1041
701328,1397
934771,3718
1663407,3348
1161381,2330
918307,3651
685059,1364
160635,599
273367,1052
943355,3752
1554113,3126
727305,1450
419027,1639
1546073,3110
1988446,4007
164147,308
414563,1621
1836109,3698
1796517,3618
556419,2193
21177,18
424483,1661
1956742,3943
229815,877
842267,3345
15391,13
1694466,3411
569315,2245
376053,738
1311635,5237
809872,1617
287255,1108
353967,1377
345135,1342
356826,699
500619,1968
46639,139
2062244,4157
836258,1671
919879,3657
1035173,2074
942982,1887
27295,61
1969712,3969
1976121,3982
1062781,2130
2690478,5431
752107,1500
2904676,5865
876243,3482
1634813,3290
421304,829
1427412,2869
503483,996
260471,1000
1537692,3093
350495,1363
349503,1359
2026407,4084
1819688,3665
41679,119
1161099,4630
679636,1353
708595,2806
2762199,5576
695412,1385
356295,1387
1468179,2952
445563,1746
2028872,4089
363235,712
568875,2242
767771,3044
349007,1357
540610,1071
1092899,4355
836811,3323
954115,3796
516739,2033
321327,1246
2189097,4414
2014423,4060
950870,1903
786467,3120
996771,3968
838947,3331
345135,1342
1739329,3502
580475,2290
339831,1320
98085,174
308183,1193
838947,3331
261463,1004
339583,1319
995240,1993
1434655,2884
332391,1290
553939,2183
1344436,2701
596812,1185
323215,1253
723597,1442
812507,3225
269991,1039
1269807,5068
1038091,4134
635531,2512
84087,290
654834,1303
298263,1153
309327,1197
679636,1353
49367,150
545755,2150
451515,1770
319358,623
1639823,6560
315527,1222
451763,1771
213103,809
743067,2945
298167,1152
780208,1557
551707,2174
508059,1998
1807856,3641
500123,1966
288495,1113
194115,734
853923,3392
537652,1065
576259,2273
331895,1288
236015,902
334623,1299
403071,1575
256611,986
765759,1528
667804,1329
569563,2246
1945555,3920
283287,1092
135553,250
351896,689
634280,1261
609739,2408
540795,2130
775059,3074
352975,1373
22831,43
794998,1587
1024947,4081
484995,1905
852683,3387
37463,102
250799,961
590744,1173
988339,3934
559837,1110
339831,1320
2565340,5177
559344,1109
441843,1731
736672,1469
51103,157
1128611,4499
350247,1362
1045526,2095
1037939,4134
639210,1271
1679183,3380
725955,2876
2040704,4113
1728635,3480
804858,1607
931051,3703
868046,1735
318751,1235
256255,983
880371,1760
606267,2394
898963,3573
1781879,3588
762953,1522
318007,1232
328271,1274
318007,1232
484995,1905
674061,1342
604055,1200
757451,3003
1290699,2592
412083,1611
935019,3719
329663,1279
513763,2021
1600948,3221
572162,1135
1386000,2785
323959,1256
1150535,2308
287999,1111
288603,1115
898119,1796
400839,1566
906251,3603
2380381,4802
947171,3768
842267,3345
316615,1227
41431,118
277927,1071
356695,1388
1356420,2725
949803,3778
1040596,2085
579731,2287
762067,3021
434167,1701
1048011,4174
704627,2790
1357102,2727
33991,88
889738,1779
1894776,3817
1634320,3289
271135,1043
215927,821
647339,2559
792667,3145
199643,380
732403,2902
1032635,4112
880459,3499
605686,1203
390671,1525
1050949,2106
484003,1901
781194,1559
1393395,2800
660409,1314
1602768,3225
956786,1915
1280194,2571
823171,3268
666187,2635
1484941,2986
365223,1423
728291,1452
420019,1643
550467,2169
929715,3697
69703,232
2000771,4032
293951,1135
590744,1173
297271,1149
287351,1109
672734,1339
540547,2129
963291,3833
200052,381
1379671,5511
951635,3786
357039,1390
920291,3659
963195,3832
352079,1370
278079,1071
822197,1642
315623,1223
534843,2106
468379,1838
1270334,2551
272523,528
374895,1462
255111,979
712219,2820
363639,1416
626355,2475
301143,1164
266919,1026
2085567,4204
546526,1083
377375,1472
1644180,3309
840438,1679
673875,2666
275943,1063
479539,1883
196347,743
341899,1328
1047005,2098
591635,2335
320087,1241
392159,1531
130875,479
1515507,3048
869934,1739
540299,2128
1104307,4401
838466,1675
299159,1156
672734,1339
734936,1465
840354,1679
950377,1902
353319,1375
1497759,3012
599618,1191
589651,2327
1272610,2555
926220,1853
1816730,3659
727691,2883
264191,1015
186179,702
662123,2618
992059,3949
950795,3782
1020731,4064
517979,2038
384967,1502
330503,1283
567573,1126
621795,2456
384471,1500
54079,169
430931,1687
1445994,2907
312647,1211
1133773,2274
822179,3264
174771,656
363143,1414
839291,3333
2070284,4173
1878848,3785
533851,2102
1734058,3491
267167,1027
1002142,2007
370679,1445
2049578,4131
619659,2448
26799,59
442999,1736
886907,3525
1186676,2381
603069,1198
606520,1205
183783,348
538563,2121
1260133,2530
988739,3935
879385,1758
879219,3494
759995,1516
936507,3725
458459,1798
342903,1333
539965,1070
1256037,2522
530379,2088
445479,1746
779275,3091
1587637,3194
554187,2184
2301501,4642
334871,1300
756628,1509
226107,863
1370072,2753
1280139,5110
856155,3401
355055,1382
443083,1736
796139,3159
929563,3697
313391,1214
728187,2885
704627,1404
526163,2071
651307,2575
1899554,3827
1332604,2677
472843,1856
22087,40
1119476,2245
1935779,3900
507067,1994
230559,880
782747,3105
568559,1128
1055203,4203
114343,412
362895,1413
1827083,3680
263943,1014
696975,1388
489831,968
76886,131
509547,2004
763294,1523
1408033,2830
686867,2719
1536365,3090
962051,3828
494419,1943
835819,3319
117805,214
1810814,3647
1149549,2306
1513535,3044
301887,1167
1180115,2368
1170523,4668
1904484,3837
338591,1315
814243,3232
702891,1400
770595,3056
733373,1462
652028,1297
756211,2998
666325,1326
387695,1513
724006,1443
1251951,4996
584335,1160
727950,1451
865483,3438
344887,1341
627099,2478
756955,3001
548235,2160
913691,3633
592131,2337
1695452,3413
275351,1060
901043,3582
1570723,3160
868803,3452
15639,14
1112081,2230
738303,1472
643647,1280
1065371,4244
345631,1344
1179622,2367
1301963,5198
965660,1933
899211,3574
658003,2602
253127,971
375639,1465
456155,900
26799,59
764023,1524
1268362,2547
320239,1241
809931,3214
114011,411
1221034,2451
216187,823
597305,1186
620476,1233
848371,3369
349599,1360
395135,1543
323807,1256
1865196,3757
320099,1242
415236,817
902423,3586
921627,3665
1785671,3596
611602,1215
611971,2417
922771,3669
711188,1417
879963,3497
941867,3746
897133,1794
1764472,3553
771334,1539
846731,3363
975583,3881
701328,1397
341167,1326
991067,3945
231067,883
805315,3196
947171,3768
574475,1140
251543,964
586800,1165
29031,68
1009044,2021
342063,1329
409367,1601
372319,1451
499131,1962
1028171,4094
1782372,3589
527792,1045
527147,1044
1190363,4748
515747,2029
495411,1947
380599,1485
603069,1198
462179,1813
665291,2632
332735,1292
985763,3923
937899,3730
663708,1321
575763,2271
303223,1173
2083102,4199
934427,3716
222623,848
884923,3517
895587,3560
349751,1360
778729,1554
305207,1181
971227,3865
25121,26
438039,1716
402659,1573
22656,21
287363,1110
378119,1475
1764624,3553
1138531,4539
372071,1450
356295,1387
300247,1161
640044,1273
1487899,2992
1116555,4451
1392409,2798
1001649,2006
713994,1423
944443,3757
1827576,3681
148815,551
1112574,2231
786219,3119
507315,1995
149227,553
356047,1386
252879,970
1155147,4606
347023,1349
865827,3440
151822,283
1833492,3693
1206737,2422
1203259,4800
2567228,5181
474083,1861
3684602,7447
1866523,3760
998198,1999
844003,3352
98578,175
605523,2391
1558398,3135
105480,189
229567,876
1738495,3500
2472808,4989
692723,2742
977427,3890
1302683,2616
517235,2035
740359,1476
1855336,3737
290479,1121
713008,1421
256599,985
934601,1870
1676718,3375
497891,1957
343895,1337
580723,2291
1632584,3285
241223,923
345135,1342
267167,1027
217167,826
1379098,2771
283369,550
836315,3321
496733,982
1550662,3119
363887,1417
719076,1433
983901,1970
1672774,3367
833835,3311
375791,1465
1557412,3133
1185735,4729
563288,1117
374303,1459
48785,74
1674746,3371
782995,3106
33743,87
250055,958
305455,1182
657944,1309
329251,1277
504091,1982
335863,1304
130623,240
393731,1537
1799475,3624
1148070,2303
542779,2138
349751,1360
253031,970
1775470,3575
65487,215
1512503,6046
818363,3248
454243,1781
550470,1091
635283,2511
296679,1146
445811,1747
484003,1901
180971,681
412743,1614
320487,1242
814491,3233
744560,1485
323215,1253
346127,1346
1681307,3384
834522,1667
1000987,3985
778035,3086
373159,1455
627155,2477
281551,1085
1001719,3987
379359,1480
1747710,3519
709064,1413
33247,85
842763,3347
160635,599
2539211,5124
1188496,2385
340919,1325
2369535,4780
572539,2258
523683,2061
112771,406
1020876,2045
298015,1152
248167,951
964779,3839
1748203,3520
799019,3170
772661,1542
1113560,2233
1078599,4297
290327,1121
1795531,3616
704134,1403
241979,927
702807,1400
1727990,3479
781042,1559
1742780,3509
377279,1471
609137,1210
286015,1103
372167,1451
2124021,4282
1006579,2016
336607,1307
1013787,4036
990475,3942
71935,241
301639,1166
1624119,3268
1509743,3036
1362677,2738
1148451,4579
285519,1101
507427,1004
405195,1582
174007,328
401667,1569
211227,803
945683,3762
453747,1779
329663,1279
291815,1127
294295,1137
1081491,4309
91676,161
306447,1186
498635,1960
652028,1297
344887,1341
1035666,2075
438039,1716
1638909,3298
833243,3308
750163,2973
435643,1706
757947,3005
1065246,2135
101199,359
345135,1342
306847,1187
782747,3105
612219,2418
1572202,3163
273509,530
891123,3542
491443,1931
297767,1151
750135,1496
1297983,5181
2527872,5101
1485927,2988
1058427,4216
2339462,4719
1048977,2102
493775,976
510043,2006
804858,1607
1097784,2201
1084966,2175
67223,222
461435,1810
250895,962
1507126,3031
593523,2342
950870,1903
1232032,2473
739782,1475
1122907,4476
469867,1844
382239,1491
336359,1306
59039,189
309423,1198
989483,3938
395383,1544
1022848,2049
374551,1460
485243,1906
518723,2041
326191,1265
490451,1927
682899,2703
992307,3950
329663,1279
1571709,3162
22583,42
57055,181
895491,3559
610731,2412
809531,3213
731894,1459
425227,1664
856155,3401
1141661,2290
558358,1107
238247,911
798867,3170
674371,2668
563611,2222
1761514,3547
356199,1386
842515,3346
335615,1303
291967,1127
669131,1332
1762007,3548
655027,2590
1663407,3348
1433176,2881
1526846,3071
614699,2428
610616,1213
854915,3396
893682,1787
319851,624
264299,1017
1027675,4092
286511,1105
342407,1331
410607,1606
1243023,4960
481523,1891
864739,3435
1480997,2978
232097,446
329015,1277
440519,1726
489679,968
869547,3455
296431,1145
693933,1382
933683,3713
827635,3286
316519,1226
634787,2509
462179,1813
1084284,2173
306199,1185
359671,1400
686879,1368
330007,1281
522443,2056
273119,1051
286855,1107
208735,792
720003,2852
512771,2017
2265512,4569
842763,3347
548731,2162
779771,3093
827883,3287
552203,2176
1375495,2764
206052,393
347519,1351
1071162,2147
1009407,4018
1965616,3961
230323,880
484408,957
1454868,2925
701499,2778
282143,1088
1755105,3534
391995,1530
530627,2089
495659,1948
494609,978
897723,3568
207259,787
1656998,3335
370137,726
358515,1395
3150038,6363
428615,1678
1089027,4340
920797,1842
276839,1066
1359831,5431
952379,3789
585091,2308
767123,3042
1521916,3061
627843,2481
537323,2116
323559,1255
1285617,2582
2702053,5454
494419,1943
616039,1224
167083,625
21839,39
987843,3932
521876,1033
468875,1840
824411,3273
327279,1270
979067,3896
997171,3969
389267,1519
813747,3230
2363703,4768
483915,956
499875,1965
193619,732
433907,1699
330655,1283
439859,1723
947667,3770
786467,3120
719259,2849
900547,3580
368599,1436
274715,1059
842267,3345
37446,51
693933,1382
317359,1230
410099,1603
35967,48
672979,2663
2423765,4890
453003,1776
780267,3095
969479,3857
343055,1333
1031722,2067
785723,3117
359175,1398
302727,1171
527651,2077
1170748,2349
1852378,3731
862107,3425
850203,3377
1088417,2182
723227,2865
1227647,4898
488467,1919
615887,1224
870291,3458
2942485,5942
1021369,2046
1675732,3373
312303,1209
76647,260
885075,3517
357439,1391
83788,145
846483,3362
1180927,4709
594840,1181
953335,1908
329251,1277
621053,1234
683580,1361
776039,3077
765139,3034
1632500,3285
557865,1106
73671,248
534843,2106
33995,44
399599,1561
717675,2842
643542,1279
886411,3523
144515,534
745205,1486
113847,410
413571,1617
777539,3084
663955,2626
765539,3035
325295,1262
644633,1282
1797010,3619
1020331,4063
584980,1161
1814417,3654
581529,1154
843755,3351
1781727,3588
1270827,2552
294791,1139
1929286,3887
457715,1795
1772360,3569
240975,922
1759694,3543
1206731,4814
1780248,3585
465403,1826
725485,1446
383231,1495
744219,1484
898563,3572
82847,285
96487,340
1143633,2294
253139,972
862755,3427
904171,3594
1050456,2105
929067,3695
602547,2379
854419,3394
482515,1895
293703,1134
493923,1941
539059,2123
585321,1162
513343,1016
490172,969
835075,3316
510537,1010
1705312,3433
689989,1374
510291,2007
250151,959
846139,3360
498883,1961
279911,1079
663367,1320
2217198,4471
1622615,6490
444239,1741
536514,1063
970235,3861
1425951,5697
801099,3179
32023,40
475571,1867
353567,1376
348511,1355
296183,1144
642509,1278
570683,1132
1126131,4489
2232329,4502
285367,1101
1114546,2235
920139,3659
238495,912
32007,80
2152956,4341
703793,1402
820195,3256
322471,1250
508906,1007
888051,3529
1003371,3994
238013,458
467883,1836
463057,914
342063,1329
684907,1364
320344,625
1012643,4032
1603754,3227
12167,0
939038,1879
294943,1139
2116967,4268
615195,2430
1634320,3289
432171,1692
899598,1799
2454908,4953
3011164,6081
39911,56
278671,1074
328519,1275
755715,2996
1887229,3802
388191,1515
302963,1171
580884,1153
1048977,2102
1762500,3549
844251,3353
274855,1058
591882,1175
1301886,2615
944691,3758
334375,1298
1295970,2603
307526,599
270735,1042
661379,2615
667804,1329
370915,1445
1542622,3103
907739,3609
144763,535
307343,1189
529139,2083
392903,1534
318351,1234
148780,277
696246,1387
898119,1796
777250,1551
101859,362
517287,1024
375887,1466
2259103,4556
1172227,2352
537993,1066
795643,3157
666531,2637
551707,2174
607013,1206
336703,1308
831851,3303
281895,1087
32999,84
794155,3151
73919,249
667652,1329
343303,1334
422003,1651
1564807,3148
381095,1487
788437,1574
890875,3541
1234156,2477
1123913,2254
384803,1501
553691,2182
1513535,3044
518425,1026
495254,979
84583,292
1617710,3255
522443,2056
439363,1721
893011,3549
1060259,4224
1819688,3665
1098343,4376
669624,1333
37711,103
647439,1288
762907,3025
321231,1245
503635,996
902063,1804
951856,1905
261311,1004
544019,2143
1740960,3505
254519,976
300895,1163
316519,1226
1016932,2037
1025539,4084
808539,3209
899803,3577
289583,1118
971083,1944
200067,758
359423,1399
319743,1239
869299,3454
408527,1597
335463,1303
108438,195
61271,198
655371,2592
454739,1783
1156944,2321
360015,1402
105663,377
364631,1420
448455,1758
1588471,3196
545259,2148
777787,3085
1181101,2370
1496280,3009
343551,1335
224511,855
788096,1573
825403,3277
412591,1614
1110755,4427
276191,1064
474827,1864
309327,1197
568323,2241
941715,3746
740987,2936
1711228,3445
312303,1209
667311,1328
330999,1285
658437,1310
859172,1717
430435,1685
309671,1199
244447,936
291319,1125
430187,1684
74911,253
1071162,2147
623434,1239
37446,51
636771,2517
17871,23
18367,25
2336011,4712
1104193,2214
342311,1330
800259,3175
808802,1615
243207,931
740835,2936
556915,2195
518723,2041
698579,2765
689499,2729
582211,2297
540547,2129
358527,1396
835075,3316
906499,3604
287847,1111
235519,900
409367,1601
903542,1807
684157,1362
691635,2737
514755,2025
966646,1935
950870,1903
1020383,2044
855721,1710
631663,1256
36719,99
899598,1799
996923,3968
1909566,3847
87807,305
658747,2605
624420,1241
514755,2025
315031,1220
1037195,4131
300991,1164
301639,1166
118807,430
292063,1128
1096207,4368
556491,1104
333383,1294
607165,1206
537571,2117
228091,871
925843,3682
535587,2109
494667,1944
223863,853
678498,1351
862603,3427
415307,1624
1254558,2519
448539,1758
978478,1959
558403,2201
590403,1172
1057931,4214
634128,1261
156259,292
401583,1569
1185639,4728
448703,1759
563115,2220
360415,1403
362399,1411
912355,3627
594347,1180
1542281,3102
499379,1963
1602768,3225
482929,954
298415,1153
578571,1148
626392,1245
386703,1509
445315,1745
464043,916
834331,3313
936573,1874
1464880,2945
308831,1195
1448459,2912
1011307,4026
386539,1508
464411,1822
740587,2935
1631362,3283
319495,1238
589910,1171
49771,76
1279360,2569
479787,1884
483507,1899
1288234,2587
1419372,2853
1675391,3372
661395,1316
1356268,2725
1793559,3612
180227,678
377532,741
419027,1639
324951,1260
909458,1819
936573,1874
789443,3132
665691,2633
657792,1309
1616079,3252
235919,901
970635,3862
410099,1603
90039,314
407619,1593
595826,1183
252135,967
801491,1600
1117504,2241
328671,1275
68012,113
1639743,3300
603443,2382
1974983,3980
301487,1166
1049963,2104
1430218,2875
898963,3573
486731,1912
887155,3526
750476,1497
467139,1833
924248,1849
1803419,3632
465319,1826
94503,332
349503,1359
720062,1435
609971,1212
1828951,7322
19855,31
630323,2491
518227,2039
317263,1229
1280194,2571
545881,1082
1845324,3717
589265,1170
1901185,3830
1101579,4390
667311,1328
438619,1718
1329153,2670
598827,2364
1458439,5828
1913017,3854
1032708,2069
620476,1233
773227,3066
562123,2216
1874070,3775
328175,1273
376783,1469
1371703,2756
373559,1456
331895,1288
728587,2886
388191,1515
1846803,3720
545507,2149
930657,1862
271975,1047
284127,1096
357783,1393
954019,3795
465522,919
668790,1331
457219,1793
927331,3688
31511,78
288591,1114
484513,958
364727,1421
341319,1326
246691,946
1326043,2664
568323,2241
428119,1676
293551,1134
334871,1300
810858,1619
80830,139
1029257,2062
1003621,2010
695547,2754
713459,2825
38207,105
777098,1551
1699396,3421
1256663,5015
576507,2274
41927,120
603069,1198
253871,974
633294,1259
543523,2141
844003,3352
250303,959
691961,1378
571024,1133
1842859,3712
341167,1326
610883,2412
464411,1822
547243,2156
813747,3230
446059,1748
1151521,2310
732387,1460
1352476,2717
265527,1021
501018,991
300647,1162
1527339,3072
582019,2295
1122434,2251
808309,1614
1622981,3266
1027511,4091
1121448,2249
2891213,5838
1068697,2142
540458,1071
261819,1007
651707,2576
1153493,2314
356447,1387
1115039,2236
451515,1770
1146963,4573
479539,1883
353815,1377
663611,2624
302231,1169
803872,1605
1915330,3859
959251,1920
1003715,3996
644974,1283
509051,2002
1683127,3388
372415,1452
331743,1288
571299,2253
921875,3666
509547,2004
425589,838
482019,1893
369191,1439
811515,3221
697725,1390
962209,1926
349599,1360
1841380,3709
907395,3607
52343,162
724347,1444
374303,1459
1830041,3686
239995,919
44841,66
562371,2217
1773346,3571
621310,1235
729429,1454
507086,1003
1385014,2783
1047498,2099
1706298,3435
374895,1462
477555,1875
848715,3371
22335,41
951883,3787
1917302,3863
1452403,2920
592035,2336
525419,2068
1170748,2349
1693139,3408
809767,3213
1113067,2232
685893,1366
851195,3381
897323,3567
794505,1586
335615,1303
1216104,2441
248179,952
1658136,3337
428203,1676
717771,2843
269156,521
272375,1048
887899,3529
396127,1547
1218076,2445
391511,1529
1768568,3561
513515,2020
296927,1147
529387,2084
739003,2928
1770388,3565
561164,1113
331495,1287
560635,2210
505827,1989
57659,92
672241,1338
263295,1012
733147,2905
781411,3099
677171,1348
876920,1753
696246,1387
77379,132
2243820,4525
630723,2492
217663,828
1174199,2356
836315,3321
1727497,3478
1021862,2047
598827,2364
957279,1916
730415,1456
332639,1291
1493322,3003
777743,1552
461085,910
819107,3251
824563,3273
1581805,3182
822179,3264
525668,1041
1651575,3324
1213450,2435
556667,2194
53087,165
489211,1922
483755,1900
280655,1082
550470,1091
341071,1325
29775,71
489707,1924
289583,1118
437627,1714
321727,1247
1074613,2154
685683,2713
973459,3874
219363,420
168091,316
634128,1261
368599,1436
628491,2483
531736,1053
681115,1356
611602,1215
854667,3395
1163846,2335
45827,68
1135745,2278
1771867,3568
980450,1963
350343,1363
542582,1075
300647,1162
282391,1089
518766,1027
428451,1677
840438,1679
333383,1294
368943,1438
335119,1301
563115,2220
688017,1370
366959,1430
272127,1047
633142,1259
824399,3272
1893638,3815
1005947,4005
909227,3615
871779,3464
780019,3094
1204747,4806
952627,3790
979907,3900
508177,1006
1502689,3022
341319,1326
2265019,4568
1096703,4370
367415,720
315859,1223
2095427,4224
953828,1909
526907,2074
860867,3420
321575,1247
603221,1198
288495,1113
517780,1025
1090419,4345
1197522,2403
563363,2221
793603,1584
825899,3279
333631,1295
1024039,4077
132859,487
279415,1077
391167,1527
674123,2667
605771,2392
1201275,4792
464327,1822
572787,2259
144847,535
178987,673
1267680,2545
15261,6
747177,1490
841523,3342
102439,364
1113560,2233
378519,1476
306599,1186
614203,2426
263295,1012
1777783,3580
1898227,3824
1272947,5081
496651,1952
1584034,3187
558899,2203
335863,1304
242615,928
48785,74
281647,1086
1055386,2115
1686085,3394
401679,1570
542779,2138
1302683,2616
1463978,2943
351831,1369
407123,1591
1292671,2596
1076585,2158
274455,1057
426879,1671
1836602,3699
77391,263
224371,856
510539,2008
759502,1515
448524,885
345619,1343
317511,1230
1139523,4543
131116,241
1773991,3572
636275,2515
209383,794
1010811,4024
1003455,3994
1097859,4375
1040323,4143
491443,1931
305855,1183
361655,1408
1749682,3523
89704,157
277927,1071
13159,4
276095,1063
240479,920
700835,1396
1174844,2357
1201314,2411
432915,1695
548235,2160
46813,70
347023,1349
664353,1322
872275,3466
784645,1566
2318263,4676
1035859,4125
482541,954
1828562,3683
664051,2627
1279975,5109
991789,1986
497567,984
689989,1374
1306179,5215
491443,1931
2196492,4429
560139,2208
979957,1962
374551,1460
1263275,5042
801499,3180
533107,2099
548731,2162
1619530,3259
247919,950
1283456,2577
1648276,3317
464163,1821
705120,1405
1681155,3384
239003,915
1020876,2045
362483,1411
723020,1441
822427,3265
1090389,2186
512027,2014
745547,2955
297671,1150
1013481,2030
329511,1279
656465,1306
1841532,3709
571024,1133
1025291,4083
299751,1159
1741453,3506
754227,2990
147878,275
829027,3291
680470,1355
1241947,4956
663459,2624
1305919,5213
1397680,2809
759187,3010
823592,1645
190395,719
219151,834
445067,1744
774315,3071
471355,1850
566339,2233
274111,1055
383079,1495
867067,3445
541937,1074
355207,1382
2308403,4656
727457,1450
1252363,4998
453251,1777
350495,1363
1105179,2216
1486420,2989
303127,1172
771587,3060
2207831,4452
381827,1489
554414,1099
383479,1496
35479,94
1130815,2268
55815,176
794012,1585
329263,1278
524179,2063
363391,1415
540951,1072
1715665,3454
330255,1282
571517,1134
628395,2482
844499,3354
728443,1452
2198957,4434
1045779,4165
398133,782
389775,1522
343151,1334
353719,1376
666435,2636
628212,1249
682555,2701
1891666,3811
364975,1422
1046771,4169
678435,2685
391995,1530
1760528,3545
746043,2957
780208,1557
1197803,4778
1352969,2718
1002142,2007
976506,1955
655123,2591
533851,2102
447547,1754
346859,1348
683087,1360
429443,1681
53583,167
1210188,2429
363887,1417
2214581,4466
387283,1511
117319,424
510385,1010
523848,1037
872027,3465
879371,3494
314783,1219
387199,1511
347119,1350
540458,1071
918332,1837
984887,1972
436587,860
282383,548
546499,2153
144267,533
507191,1004
216435,824
1222513,2454
856651,3403
322223,1249
1764131,3552
562867,2219
1009171,4018
623035,2461
1044291,4159
593361,1178
1467686,2951
981383,3905
689837,1374
842515,3346
447299,1753
726699,2879
879963,3497
272871,1050
1017425,2038
1900199,3828
907979,1816
341663,1328
579405,1150
764147,3030
1742932,3509
562123,2216
1111499,4430
420423,828
709709,1414
756707,3000
937995,3731
730419,2894
1221527,2452
778320,1553
638011,2522
781259,3099
951139,3784
1000891,3984
749859,2973
1586006,3191
1652068,3325
1361691,2736
193123,730
299255,1157
405303,1584
2284330,4607
2303064,4645
575019,2268
2203394,4443
234431,895
1471289,2958
1766937,3558
505948,1001
814309,1626
459370,907
68012,113
445563,1746
202287,766
332887,1292
469123,1841
1261953,2534
711819,2819
1724539,3472
1098355,4377
353719,1376
319839,1240
398195,1555
808787,3210
310071,1200
713653,1422
652028,1297
969147,3856
590251,1172
737810,1471
1241451,4954
465029,918
310567,1202
1275909,2562
309498,603
663708,1321
803579,3189
293303,1133
463667,1819
575019,2268
561627,2214
635759,1264
423874,835
1624119,3268
252147,968
1037099,4130
487214,963
468875,1840
566587,1124
2103315,4240
139497,258
2002591,4036
703641,1402
1315851,5254
599323,2366
783250,1563
558403,2201
577499,2278
423491,1657
629350,1251
864587,3435
998198,1999
467883,1836
513515,2020
166119,312
531867,2094
1874904,3777
671339,1336
471851,1852
488467,1919
740339,2934
1160395,2328
3164487,6392
641675,1276
766627,3040
604207,1200
37463,102
457219,1793
50359,154
579169,1150
559685,1110
260471,1000
1655178,3331
1219959,4867
356199,1386
1526012,3069
864587,3435
507811,1997
712067,2820
845975,3359
511779,2013
563288,1117
863609,1726
560671,1112
812755,3226
577995,2280
714230,1423
228587,873
825403,3277
388191,1515
600263,1192
523683,2061
955259,3800
34239,89
396211,1547
445309,878
1274430,2559
79375,271
359519,1400
471851,1852
956843,3807
580391,1152
838051,3328
1169269,2346
45827,68
902531,3588
2641262,5331
856403,3402
643988,1281
296043,1145
520890,1031
562150,1115
397463,1553
640537,1274
781163,3098
745205,1486
1117451,4454
624123,2466
983035,3912
374055,1458
487723,1916
1187623,4736
888395,3531
421919,1651
1180115,2368
311311,1205
966267,3845
1182087,2372
852683,3387
332983,1293
730415,1456
1325550,2663
1844983,3716
58791,188
857693,1714
812746,1623
927699,1856
281551,1085
546251,2152
1198356,2405
480531,1887
1684113,3390
450439,1766
700315,2772
815979,3239
1182923,4718
727099,2880
656465,1306
949884,1901
2124021,4282
550467,2169
1096371,4369
1579597,3178
348759,1356
224607,856
2116967,4268
777743,1552
1504813,3026
583842,1159
580543,1152
539059,2123
794059,3150
654493,1302
795984,1589
736331,1468
256847,986
14399,9
1544101,3106
887651,3528
95127,168
1615423,6461
320487,1242
286015,1103
927331,3688
1407047,2828
1743766,3511
448539,1758
970235,3861
366711,1429
560139,2208
788180,1573
1531283,3080
1332945,2678
406143,1588
347767,1352
290479,1121
2374056,4789
895091,3558
2439132,4921
35231,93
75407,128
838959,1676
44348,65
1173706,2355
16879,19
993268,1989
833043,1664
669259,2648
883822,1767
383975,1498
278575,1073
367455,1432
894347,3555
888070,1775
220887,841
737658,1471
798867,3170
282295,1088
208747,793
383941,754
1886972,3801
484995,1905
617366,1227
801843,3182
19607,30
1613614,3247
622941,1238
733891,2908
2136346,4307
694274,1383
402163,1571
753979,2989
843907,3351
330503,1283
265775,1022
114591,413
773390,1543
832595,3306
872179,3465
364631,1420
757530,1511
776348,1549
810523,3217
780208,1557
702314,1399
218559,831
870691,3459
1651318,3323
242971,931
1434162,2883
419275,1640
252383,968
391663,1529
557865,1106
378615,1477
1085952,2177
926243,3683
846731,3363
364631,1420
297175,1148
364975,1422
810923,3218
163654,307
603691,2383
449531,1762
525668,1041
201803,765
523931,2062
527792,1045
21343,37
701176,1397
698427,2765
910219,3619
670762,1335
201531,384
410015,1603
253380,489
522195,2055
292311,1129
468379,1838
241623,924
932787,3710
664846,1323
806307,3200
47383,142
879219,3494
1583693,3186
517483,2036
817183,1632
297671,1150
975520,1953
1451417,2918
346871,1349
636252,1265
918555,3652
802835,3186
263543,1013
717597,1430
722868,1441
726603,2878
1874904,3777
771911,1540
241127,922
465029,918
613915,1220
891710,1783
1183667,4721
239735,917
596812,1185
1000643,3983
116819,212
96606,171
197671,376
2661627,5372
879963,3497
1829207,3684
907486,1815
668419,2644
596812,1185
400935,1567
905755,3601
1025443,4083
564603,2226
607013,1206
399847,1562
332639,1291
535835,2110
1136879,4532
422995,1655
388439,1516
1754119,3532
410015,1603
1974149,3978
229471,875
67519,112
470216,929
421767,1651
422415,1653
695905,1386
912947,3630
471355,1850
711475,2817
387199,1511
417208,821
359507,1399
1714679,3452
1730948,3485
661243,1316
846731,3363
206999,785
711681,1418
86253,150
1851240,3729
587445,1166
777195,3082
514974,1019
335711,1304
1337663,5341
1398514,2811
274359,1056
525915,2070
308583,1194
591883,2336
856651,3403
581715,2295
377031,1470
333135,1293
572162,1135
1163353,2334
1266831,5056
339679,1320
52095,161
483034,955
258087,991
860523,3418
430103,1684
885419,3519
143523,530
738355,2926
1510577,3038
293703,1134
359023,1398
458384,905
801595,3181
277431,1069
558155,2200
721243,2857
520459,2048
750507,2975
321079,1245
958758,1919
610957,1214
1504813,3026
12303,0
705120,1405
42919,124
538067,2119
1637278,3295
588772,1169
609137,1210
599323,2366
14399,9
1210039,4827
3004755,6068
75407,255
267511,1029
457219,1793
639551,1272
770347,3055
311063,1204
521203,2051
2135360,4305
218807,832
266175,1023
1620023,3260
631067,2494
297023,1148
317607,1231
647683,2561
1022563,4072
234927,897
434899,1703
770003,3053
700411,2773
668790,1331
1081022,2167
881107,3501
2342913,4726
386043,1506
324799,1260
931643,1864
422747,1654
687865,1370
284127,1096
614947,2429
1693973,3410
32751,83
375391,1464
714639,1424
955755,3802
350839,1365
896979,3565
147987,548
2068312,4169
2525323,5096
462179,1813
657451,1308
281551,1085
427707,1674
951387,3785
375560,737
348759,1356
267663,1029
283631,1094
1058179,4215
888395,3531
2066833,4166
1564807,3148
368847,1437
1626925,3274
1313951,5246
498553,986
318255,1233
841523,3342
598083,2361
354215,1378
485243,1906
518227,2039
2080485,4194
282295,1088
40935,116
747670,1491
543771,2142
1002939,2008
30271,73
261807,1006
515960,1021
1021475,4067
436883,1711
875995,3481
1779262,3583
571669,1134
695947,2755
378119,1475
879715,3496
214687,816
585966,1163
328919,1276
726062,1447
141469,262
341319,1326
46391,138
667427,2640
219659,837
311807,1207
842763,3347
307343,1189
587171,2317
763059,3025
50855,156
737810,1471
260223,999
1598483,3216
1098451,4378
741345,1478
842267,3345
452507,1774
1738836,3501
1496773,3010
286855,1107
709557,1414
512771,2017
844875,1688
1235824,2481
234775,897
1655103,6621
1032708,2069
2049085,4130
589758,1171
334148,653
511371,1012
76895,261
645467,1284
1800613,3626
417951,1635
284279,1096
758843,3008
319591,1239
271631,1045
636523,2516
941996,1885
927979,3690
446295,880
392751,1534
841275,3341
618845,1230
583699,2303
251887,966
229071,874
493427,1939
941123,3743
461435,1810
430187,1684
2256145,4550
1214625,2438
1103207,2212
145413,270
602083,1196
850451,3378
1916316,3861
616380,1225
54327,170
375543,1464
71687,240
1669323,3360
349351,1359
334623,1299
627378,1247
1740960,3505
619338,1231
354299,1378
1572519,6288
582363,1156
336455,1307
1014960,2033
676678,1347
236415,903
285271,1100
1171241,2350
630829,1254
261959,1006
808043,3207
1736371,3496
753731,2988
1334235,2680
1610163,3240
1021369,2046
616931,2437
1368745,2750
1973504,3977
396375,1548
836219,3320
1132415,4514
590451,2329
910937,1822
719011,2848
386303,1508
533107,2099
379511,1480
835323,3317
434899,1703
245191,939
1125885,2258
989083,3937
197835,749
647091,2558
834083,3312
947419,1896
365375,1423
1268514,2547
246927,946
1981544,3993
448787,1759
249903,958
482019,1893
2197478,4431
320087,1241
850947,3380
500619,1968
2269456,4577
482436,953
126186,231
718763,2847
835819,3319
889738,1779
1626584,3273
340919,1325
759683,3012
1840137,3706
1907935,3844
640196,1273
217923,830
489707,1924
312303,1209
374317,734
2344476,4729
231055,882
706599,1408
296775,1147
748740,1493
501859,1973
234153,450
107151,383
692454,1379
230323,880
1166311,2340
852763,1704
2058945,4150
780208,1557
679977,1354
653355,1300
569563,2246
427818,843
409107,1599
741838,1479
317359,1230
1019890,2043
820939,3259
1808349,3642
494866,979
497074,983
426832,841
553691,2182
498212,985
788851,3129
19205,14
315127,1221
304463,1178
680963,1356
843396,1685
488963,1921
458871,1800
887766,1775
2067410,4167
77379,132
931643,1864
803827,3190
883586,1767
1122434,2251
348359,1355
598784,1189
689989,1374
682211,2699
311311,1205
351239,1366
851284,1701
388935,1518
1081079,4307
1780741,3586
721882,1439
273215,1052
717427,2841
1537199,3092
1239920,2489
160883,600
370335,1443
223767,852
291071,1124
395773,778
650056,1293
731411,2898
364135,1418
355799,1385
871779,3464
50111,153
799859,3174
972069,1946
645619,1284
1638416,3297
459203,1801
1754119,3532
1154972,2317
535587,2109
2016054,4063
525419,2068
587667,2319
831259,3300
765043,3033
388771,1517
821931,3263
777250,1551
645507,2551
858635,3411
1343450,2699
599770,1191
732899,2904
75903,257
1103811,4399
398731,784
371575,1448
1049963,2104
745289,1486
345535,1343
1040596,2085
492683,1936
1242726,2495
401831,1570
265128,513
346775,1348
325543,1263
1240211,4949
736855,2919
508803,2001
1541295,3100
903675,3592
409107,1599
872976,1745
349999,1361
310319,1201
528395,2080
632555,2500
1617217,3254
2470600,4985
488963,1921
922123,3667
327679,1271
265775,1022
852187,3385
392655,1533
725826,1447
245935,942
1532762,3083
1113067,2232
522691,2057
258239,991
1056865,2118
1228803,4903
1078267,4296
451763,1771
1521082,3059
578912,1149
2310868,4661
1127867,4496
2305938,4651
421175,1648
572267,1136
828531,3289
1053414,2111
260567,1001
1754119,3532
1029257,2062
1923711,3876
1106658,2219
735627,2915
467635,1835
1763486,3551
1981544,3993
524189,1038
320335,1242
718583,1432
1192440,2393
1343602,2699
637731,1268
1543115,3104
346375,1347
911459,3624
905507,3600
600067,2369
648827,2565
293703,1134
53087,165
208995,794
904528,1809
544019,2143
12796,1
320983,1244
479819,948
913691,3633
1830686,3687
397367,1552
484901,958
1036652,2077
624913,1242
502649,994
468244,925
232695,888
483011,1897
45399,134
1665379,3352
885794,1771
32503,82
52095,161
564851,2227
1021369,2046
98471,348
2159517,4354
362647,1412
1075106,2155
763059,3025
744796,1485
1548690,3115
375543,1464
285271,1100
1534241,3086
440355,1725
795299,3155
1008551,2020
758939,3009
323559,1255
426467,1669
503595,1980
42919,124
540951,1072
987995,3932
549971,2167
1101728,2209
670155,2651
666666,1327
916323,3643
394787,776
74914,127
615546,1223
349103,1358
943203,3752
348015,1353
319591,1239
235919,901
616039,1224
98085,174
1871453,3770
1903991,3836
249655,957
812337,1622
896331,3563
323711,1255
1813772,3653
455321,898
1473261,2962
1159902,2327
1328167,2668
1175223,4686
650549,1294
1467193,2950
845368,1689
1007091,4009
417958,823
13159,4
129144,237
661075,2615
978171,3893
2149164,4333
523848,1037
571176,1133
1939639,3908
797875,3166
51103,157
1115219,4445
913895,1828
513763,2021
828131,3288
701821,1398
1032708,2069
566587,2234
247423,948
654986,1303
540051,2127
590891,2332
700659,2774
440107,1724
146399,272
738796,1473
1047005,2098
317511,1230
370583,1444
357439,1391
2618584,5285
465403,1826
848219,3369
367179,720
719417,1434
283135,1092
531123,2091
676755,2677
963195,1928
88551,308
215195,819
903542,1807
586800,1165
1052227,4191
1677919,6713
295935,1143
349999,1361
756211,2998
375543,1464
798449,1594
1558398,3135
447299,1753
816690,1631
512771,2017
1643687,3308
955603,3802
1004707,4000
86071,298
1150042,2307
244199,935
294447,1137
1256189,2522
14895,11
1033627,4116
327291,1271
705123,2792
828627,3290
728936,1453
1753626,3531
347367,1351
884315,1768
333135,1293
496088,981
50855,156
1792573,3610
567331,2237
601590,1195
1214625,2438
794651,3153
512771,2017
888051,3529
1483462,2983
336111,1305
176011,661
1808501,3642
476067,1869
832550,1663
176011,661
625363,2471
772813,1542
292959,1131
21343,37
830115,3296
339807,664
1528623,6111
494116,977
1061899,4230
917067,3646
487366,963
709557,1414
404807,1582
1747217,3518
519963,2046
285367,1101
210623,799
318103,1233
467139,1833
822579,3265
180971,681
562619,2218
370087,1442
1596852,3213
248179,952
323959,1256
234279,895
728443,1452
1719116,3461
138018,255
617179,2438
1997813,4026
1016932,2037
1009323,4018
685552,1365
1860114,3747
1081515,2168
2350801,4742
2482175,5008
1544594,3107
646946,1287
805435,1608
336111,1305
457467,1794
910963,3622
909951,1820
316519,1226
283535,1093
321727,1247
327267,1269
907979,1816
973211,3873
924107,3675
294943,1139
211711,804
563859,2223
305455,1182
497395,1955
407783,1594
225772,433
1993869,4018
669624,1333
592379,2338
41679,119
345383,1343
326687,1267
904515,3596
822179,3264
1196384,2401
293207,1132
599125,1190
391995,1530
227843,870
560635,2210
665187,1324
220887,841
223519,851
301143,1164
761419,3019
1153986,2315
272127,1047
409767,1602
794846,1587
952842,1907
288839,1115
209491,796
1911538,3851
312055,1208
1226457,2462
215195,819
488963,1921
688017,1370
348607,1356
379263,1479
363143,1414
307343,1189
3082990,6227
1827083,3680
77379,132
12663,2
259975,998
806337,1610
928192,1857
334719,1300
754227,2990
738355,2926
877235,3486
352231,1370
12303,0
1183870,2375
592375,1176
1623626,3267
307439,1190
791547,1580
1512701,3042
21839,39
439650,867
128158,235
1123420,2253
864587,3435
850203,3377
403567,1577
723971,2868
1683620,3389
761667,3020
966763,3847
325695,1263
1621009,3262
225115,859
631663,1256
24567,50
1402762,2819
1732579,3488
1567917,3154
860371,3418
459113,906
952627,3790
97592,173
296187,576
970590,1943
351735,1368
407123,1591
658778,1311
36471,98
385311,1504
829123,3292
1511904,3041
1037843,4133
391995,1530
1466700,2949
934771,3718
345783,1344
713307,2825
362895,1413
174275,654
906995,3606
36471,98
309423,1198
644955,2550
892363,3547
960563,3822
478547,1879
2014916,4061
434122,855
273971,1056
346871,1349
552451,2177
1019091,4058
202795,769
150467,558
592716,1177
18863,27
251899,967
597410,1187
745053,1486
410595,1605
512027,2014
515995,2030
1692987,3408
207755,789
364383,1419
836315,3321
310651,1202
682803,2702
260071,999
87311,303
293207,1132
427211,1672
653043,2582
180227,678
695412,1385
131619,482
1397680,2809
462839,1816
890147,1780
772813,1542
1039610,2083
476811,1872
990803,1984
689989,1374
711681,1418
867219,3445
370431,1444
721389,1438
931643,1864
2213254,4463
654187,2586
517932,1025
1363322,2739
532570,1055
369343,1439
1358885,2730
866819,3444
696739,1388
668915,2646
759435,3011
577995,2280
2024776,4081
660331,2612
1032387,4111
820225,1638
667311,1328
918899,3654
517483,2036
344791,1340
363887,1417
294047,1136
1085459,2176
769855,1536
473562,935
224123,855
1020235,4062
136663,502
873267,3470
29279,69
474396,937
1496773,3010
1075635,4286
200067,758
263295,1012
697725,1390
1977941,3986
1001731,3988
1968726,3967
178937,338
1544101,3106
1082501,2170
289831,1119
715473,1426
1912031,3852
527403,2076
80119,274
834827,3315
1827235,3680
820975,1640
1167297,2342
662874,1319
719569,1434
56807,180
567083,2236
369687,1441
376135,1467
257591,989
535587,2109
500371,1967
326260,637
230559,880
204779,777
948405,1898
515079,1020
316271,1225
606019,2393
1157437,2322
894099,3554
2235439,4508
801491,1600
269399,1036
359175,1398
1182675,4717
617859,1228
1023707,4076
99564,177
1014615,4039
1061302,2127
916419,3644
817467,3245
1511563,3040
614203,2426
1713352,3449
455979,1788
916571,3644
484747,1904
1900540,3829
694211,2748
553921,1098
783743,1564
557372,1105
706599,1408
833823,3310
445563,1746
319247,1237
1023211,4074
912603,3628
1065246,2135
936011,3723
363728,713
180909,342
546033,1082
491691,1932
299903,1159
594347,1180
523435,2060
867219,3445
361655,1408
2016054,4063
931643,1864
34239,89
672241,1338
504962,999
1140267,4546
1633979,3288
239487,916
369839,1441
318103,1233
1009171,4018
802241,1602
860074,1719
699849,1394
340079,1321
827387,3285
596843,2356
1776304,3577
471851,1852
715787,2835
346473,678
426963,1671
301143,1164
985380,1973
358527,1396
325047,1261
1178211,4699
473339,1858
258487,992
1013974,2031
1789122,3603
383479,1496
2128951,4292
842267,3345
314287,1217
1117504,2241
1655907,3332
1190115,4747
242475,929
478299,1878
1353783,5406
200315,759
38703,107
660257,1314
757851,3004
1197863,2404
502851,1977
830085,1658
240975,922
994031,3956
576011,2272
824811,3274
666683,2637
510539,2008
1408678,2831
113368,205
573148,1137
72927,245
562150,1115
741083,2937
294695,1138
1141472,2289
539555,2125
291719,1126
930059,3699
523931,2062
1074891,4283
2230252,4497
914587,3636
1085459,4325
1807022,3639
978887,1960
281895,1087
2646192,5341
617859,1228
369591,1440
2418919,4880
644633,1282
542779,2138
944461,1890
1824125,3674
284775,1098
828113,1654
400210,787
653507,1300
626885,1246
596660,1185
260967,1002
257839,990
757203,3002
1213179,4840
280559,1081
445811,1747
645851,2553
50855,156
38207,105
906499,3604
1514521,3046
1737357,3498
1005593,2014
1026299,2056
26600,29
265775,1022
534595,2105
612436,1217
1783206,3591
888259,1776
344047,1337
1989773,4010
440767,1727
996511,3966
771827,1540
1364308,2741
503347,1979
1349859,2712
457219,1793
551955,2175
632555,2500
2609369,5266
790683,3137
400095,1563
336359,1306
257095,987
865331,3438
703387,2785
1170255,2348
1564959,3148
282403,1090
22087,40
1135252,2277
761915,3021
257343,988
272127,1047
2382846,4807
309079,1196
1300900,2613
1464880,2945
447051,1752
74663,252
1476560,2969
619490,1231
874259,3474
334375,1298
412579,1613
370679,1445
283383,1093
485987,1909
330655,1283
514822,1019
1227936,2465
351323,1366
2381367,4804
469619,1843
571176,1133
1113483,4438
531371,2092
885794,1771
73435,124
1322383,5280
871497,1742
862130,1723
1491843,3000
757947,3005
802987,3186
342036,669
1709749,3442
2210296,4457
376535,1468
478985,946
1370907,5476
860651,1720
974947,3880
46887,140
981643,3907
401679,1570
286759,1106
840283,3337
285119,1100
443331,1737
872740,1745
430187,1684
189155,714
1052971,4194
161627,603
297271,1149
1459305,2934
274111,1055
1960922,3951
43663,127
293455,1133
41679,119
809283,3212
1528325,3074
422663,1654
2884804,5825
1238971,4944
474579,1863
757203,3002
1058344,2121
1265011,5049
1428739,2872
156007,580
139143,512
553195,2180
651876,1297
328519,1275
290975,1123
681456,1357
373559,1456
1954513,3938
907243,3607
638224,1269
1342464,2697
211215,802
2147685,4330
615546,1223
1044047,2092
431269,850
1621502,3263
599571,2367
360911,1405
1022848,2049
320735,1243
522217,1034
379015,1478
1682634,3387
1409512,2833
690482,1375
1033201,2070
289087,1116
383941,754
793519,1584
2129937,4294
877413,1754
626885,1246
302879,1171
638755,2525
509051,2002
543075,1076
458459,1798
773323,3067
200067,758
394294,775
387047,1511
874907,3476
697232,1389
749642,1495
298911,1155
668267,2644
300991,1164
780667,3096
329263,1278
258583,993
305951,1184
1679183,3380
414250,815
940379,3740
427375,1673
78858,135
1279853,2570
1968317,3966
752191,1500
822454,1643
313442,611
925843,3682
854915,3396
572162,1135
15639,14
1728483,3480
852187,3385
772813,1542
251817,486
1121448,2249
308939,1197
1737509,3498
347107,1349
258099,992
591883,2336
1403596,2821
757378,1511
996719,1996
368199,1435
1147577,2302
569067,2244
676033,1346
561316,1113
1257323,5018
2710282,5471
711529,1418
386787,1509
682955,2702
1446487,2908
196347,743
703139,2784
603562,1199
418199,1636
487471,964
270487,1041
260071,999
333879,1296
706599,1408
270143,1039
571176,1133
638565,1270
900795,3581
2088525,4210
881355,3502
844995,3356
309423,1198
339831,1320
880363,3498
519467,2044
455169,898
1124899,2256
430435,1685
280311,1080
2181702,4399
842515,3346
998011,3973
930211,3699
934923,3718
564851,2227
628705,1250
665339,1324
197091,746
1817868,3661
867715,3447
462223,912
1778769,3582
360415,1403
1208027,2424
2455894,4955
488715,1920
1183915,4722
669624,1333
809379,1616
69207,230
961955,3827
1372044,2757
652028,1297
908965,1818
450496,889
247423,948
647587,2560
877635,3487
514755,2025
516491,2032
280159,1080
83591,288
967755,3851
1376599,5498
540610,1071
280002,543
1904977,3838
328919,1276
33991,88
575954,1143
527899,2078
1589950,3199
314383,1218
280407,1081
801900,1601
1838574,3703
2102822,4239
700835,1396
1508264,3033
401087,1567
586675,2315
339466,663
14151,8
974041,1950
1525860,3069
274703,1058
706751,1408
1212671,4837
486721,962
516491,2032
539803,2126
831355,3301
49367,150
290823,1123
1922725,3874
307451,1191
778531,3088
198827,753
377775,1473
2948553,5954
344791,1340
1228429,2466
456971,1792
3460287,6992
343151,1334
550082,1091
29279,69
942982,1887
1669816,3361
268407,1032
567573,1126
471519,1851
880955,3501
1634320,3289
1024699,4080
772331,3063
551211,2172
777291,3083
842763,3347
314383,1218
230959,881
523187,2059
730756,1457
375143,1463
844995,3356
936755,3726
705765,1406
545507,2149
310911,1204
59039,189
1228429,2466
807795,3206
307343,1189
1701520,3425
745051,2953
762163,3022
856707,1712
397451,1552
702398,1399
914683,3637
415719,1626
1010523,2024
213211,811
463419,1818
2212761,4462
221891,846
678991,1352
570059,2248
843889,1686
100207,355
1095875,4367
497147,1954
602083,1196
749642,1495
832099,3304
639210,1271
1067218,2139
224015,853
452704,893
886563,3523
331991,1289
238259,912
1158423,2324
542089,1074
1110602,2227
535091,2107
746043,2957
562123,2216
783250,1563
635035,2510
785971,3118
468875,1840
726203,2877
809683,3213
1017107,4050
270551,524
320487,1242
34487,90
657299,1308
392655,1533
846979,3364
546374,1083
334719,1300
1166307,4651
1141755,4552
706258,1407
1711228,3445
369839,1441
694274,1383
1483121,2982
1055386,2115
433970,855
277583,1069
805435,1608
1052475,4192
483011,1897
1171241,2350
657259,2599
867067,3445
266023,1023
183947,693
1015453,2034
714947,2831
943947,3755
540051,2127
1618544,3257
21591,38
796139,3159
357287,1391
961716,1925
2594343,5236
705849,1406
428547,844
457219,1793
580391,1152
364479,1420
354854,695
773571,3068
1208861,2426
347863,1353
460443,1806
296031,1144
853675,3391
828131,3288
309175,1197
743563,2947
799928,1597
692454,1379
992707,3951
498883,1961
542531,2137
643771,2544
332735,1292
918651,3653
1241287,4953
1133773,2274
577251,2277
948399,3772
71956,121
863595,3431
268751,1034
992955,3952
960237,1922
746275,1488
845243,3357
1707284,3437
1654192,3329
311159,1205
846387,3361
1811800,3649
774315,3071
499627,1964
915923,3642
818955,3251
463171,1817
950051,3779
310167,1201
3534237,7142
1066725,2138
1043299,4155
1193426,2395
1883437,3794
1257668,2525
1111003,4428
427220,841
387779,1513
744803,2952
1754119,3532
1485471,5937
540610,1071
350495,1363
357935,1393
349999,1361
1821319,3668
502603,1976
295039,1140
339431,1319
1260474,2531
581467,2294
1777935,3580
780267,3095
1833492,3693
783491,3108
907891,3609
508555,2000
510878,1011
900299,3579
1008415,4014
863347,3430
488467,1919
979315,3897
1095627,4366
279815,1078
3070172,6201
328423,1274
330007,1281
423987,1659
747531,2963
385420,757
890627,3540
760829,1518
575515,2270
844747,3355
